Ranking	First_Name	Last_Name	Country	Career_Prize_Money
1	Novak	Djokovic	SRB	78397032
2	Roger	Federer	SUI	90231144
3	Andy	Murray	GBR	37257669
4	Tomas	Berdych	CZE	21944642
5	Kei	Nishikori	JPN	9567908
6	Milos	Raonic	CAN	8214239
7	Rafael	Nadal	ESP	72745277
8	David	Ferrer	ESP	26394492
9	Stan	Wawrinka	SUI	15790548
10	Marin	Cilic	CRO	11510021
11	Grigor	Dimitrov	BUL	5361868
12	Feliciano	Lopez	ESP	10202486
13	Gilles	Simon	FRA	9554808
14	Gael	Monfils	FRA	8734568
15	Jo-Wilfried	Tsonga	FRA	14659949
16	John	Isner	USA	7724767
17	Kevin	Anderson	RSA	5240258
18	David	Goffin	BEL	1945503
19	Tommy	Robredo	ESP	12299374
20	Roberto	Bautista Agut	ESP	2844559
21	Richard	Gasquet	FRA	11382623
22	Leonardo	Mayer	ARG	3229621
23	Pablo	Cuevas	URU	3116494
24	Guillermo	Garcia-Lopez	ESP	5603670
25	Ivo	Karlovic	CRO	6036692
26	Bernard	Tomic	AUS	2879787
27	Fabio	Fognini	ITA	6080728
28	Philipp	Kohlschreiber	GER	8090387
29	Ernests	Gulbis	LAT	5332899
30	Nick	Kyrgios	AUS	1244967
31	Dominic	Thiem	AUT	1292184
32	Adrian	Mannarino	FRA	2257179
33	Viktor	Troicki	SRB	5058745
34	Fernando	Verdasco	ESP	11814932
35	Juan	Monaco	ARG	7355861
36	Martin	Klizan	SVK	2415574
37	Jack	Sock	USA	2100534
38	Sam	Querrey	USA	6011459
39	Andreas	Seppi	ITA	6684421
40	Thomaz	Bellucci	BRA	3640240
41	Jiri	Vesely	CZE	1011969
42	Pablo	Andujar	ESP	3840734
43	Lukas	Rosol	CZE	2935983
44	Joao	Sousa	POR	1847663
45	Jeremy	Chardy	FRA	4866691
46	Borna	Coric	CRO	515672
47	Julien	Benneteau	FRA	7674742
48	Benjamin	Becker	GER	3660314
49	Victor	Estrella Burgos	DOM	879634
50	Jerzy	Janowicz	POL	2982423
51	Andreas	Haider-Maurer	AUT	1299225
52	Donald	Young	USA	2309083
53	Vasek	Pospisil	CAN	2577966
54	Sergiy	Stakhovsky	UKR	3723094
55	Gilles	Muller	LUX	2769264
56	Steve	Johnson	USA	1315440
57	Marcel	Granollers	ESP	6947524
58	Mikhail	Kukushkin	KAZ	2363517
59	Marcos	Baghdatis	CYP	6235051
60	Simone	Bolelli	ITA	3648468
61	Pablo	Carreno Busta	ESP	1061748
62	Diego	Schwartzman	ARG	653782
63	Albert	Ramos-Vinolas	ESP	2091324
64	Santiago	Giraldo	COL	3382794
65	Yen-Hsun	Lu	TPE	3624891
66	Daniel	Gimeno-Traver	ESP	2694017
67	Dusan	Lajovic	SRB	982570
68	Mikhail	Youzhny	RUS	12513546
69	Alexandr	Dolgopolov	UKR	4869159
70	Hyeon	Chung	KOR	150911
71	Benoit	Paire	FRA	2362230
72	Sam	Groth	AUS	991885
73	Tim	Smyczek	USA	1073951
74	Teymuraz	Gabashvili	RUS	2932724
75	Aljaz	Bedene	GBR	817679
76	Steve	Darcis	BEL	1990923
77	Denis	Istomin	UZB	3766761
78	Joao	Souza	BRA	953349
79	Blaz	Kavcic	SLO	1353515
80	Robin	Haase	NED	3293957
81	Marsel	Ilhan	TUR	971560
82	Federico	Delbonis	ARG	1451921
83	James	Duckworth	AUS	639876
84	Thanasi	Kokkinakis	AUS	377803
85	Malek	Jaziri	TUN	978623
86	Paolo	Lorenzi	ITA	1873387
87	Jarkko	Nieminen	FIN	7553811
88	Damir	Dzumhur	BIH	380938
89	Alexander	Zverev	GER	277980
90	Lucas	Pouille	FRA	395952
91	Dudi	Sela	ISR	2455780
92	Go	Soeda	JPN	1357880
93	Ricardas	Berankis	LTU	1167602
94	Lukas	Lacko	SVK	2022731
95	Ruben	Bemelmans	BEL	747192
96	Facundo	Bagnis	ARG	469815
97	Blaz	Rola	SLO	431153
98	Jan-Lennard	Struff	GER	941462
99	Filip	Krajinovic	SRB	464886
100	Marinko	Matosevic	AUS	1870967
101	Dustin	Brown	GER	1491509
102	Luca	Vanni	ITA	261054
103	Norbert	Gombos	SVK	210408
104	James	Ward	GBR	822424
105	Alejandro	Gonzalez	COL	798795
106	Tatsuma	Ito	JPN	922215
107	Kimmer	Coppejans	BEL	120382
108	Lleyton	Hewitt	AUS	20534929
109	Alejandro	Falla	COL	2850306
110	Jurgen	Melzer	AUT	9540705
111	Carlos	Berlocq	ARG	3236003
112	Adrian	Menendez-Maceiras	ESP	559137
113	Guido	Pella	ARG	598553
114	Maximo	Gonzalez	ARG	1488678
115	Aleksandr	Nedovyesov	KAZ	552090
116	Nicolas	Mahut	FRA	4522208
117	Tobias	Kamke	GER	1896126
118	Austin	Krajicek	USA	357815
119	Ivan	Dodig	CRO	4037104
120	Andrey	Kuznetsov	RUS	1142258
121	Kyle	Edmund	GBR	260759
122	Marco	Cecchinato	ITA	229159
123	Edouard	Roger-Vasselin	FRA	3611076
124	Matthias	Bachinger	GER	1067524
125	Paul-Henri	Mathieu	FRA	5360704
126	Ryan	Harrison	USA	1814183
127	Illya	Marchenko	UKR	1004728
128	Farrukh	Dustov	UZB	407643
129	Radek	Stepanek	CZE	10330010
130	Radu	Albot	MDA	317612
131	Alexander	Kudryavtsev	RUS	685362
132	John	Millman	AUS	314627
133	Thiemo	de Bakker	NED	1441346
134	Daniel	Munoz-De La Nava	ESP	778714
135	Andrey	Golubev	KAZ	2482320
136	Denis	Kudla	USA	749718
137	Facundo	Arguello	ARG	316692
138	Michal	Przysiezny	POL	1248905
139	Kenny	De Schepper	FRA	1087784
140	Andre	Ghem	BRA	380399
141	Jurgen	Zopp	EST	616598
142	Horacio	Zeballos	ARG	2177797
143	Pierre-Hugues	Herbert	FRA	677276
144	Peter	Gojowczyk	GER	599281
145	Michael	Berrer	GER	2434013
146	Yoshihito	Nishioka	JPN	113153
147	Rajeev	Ram	USA	2237922
148	Yuichi	Sugita	JPN	497438
149	Bjorn	Fratangelo	USA	87057
150	Konstantin	Kravchuk	RUS	511509
151	Jimmy	Wang	TPE	1092463
152	Gastao	Elias	POR	428120
153	Jared	Donaldson	USA	127336
154	Nicolas	Almagro	ESP	9328604
155	Albert	Montanes	ESP	5565769
156	Yuki	Bhambri	IND	274733
157	James	McGee	IRL	225153
158	Niels	Desein	BEL	319702
159	Frank	Dancevic	CAN	1670037
160	Nikoloz	Basilashvili	GEO	177817
161	Jason	Kubler	AUS	111315
162	John-Patrick	Smith	AUS	346134
163	Gerald	Melzer	AUT	248684
164	Inigo	Cervantes	ESP	350799
165	Andreas	Beck	GER	1501487
166	Igor	Sijsling	NED	1821255
167	Marton	Fucsovics	HUN	193027
168	Taro	Daniel	JPN	208906
169	Somdev	Devvarman	IND	1399294
170	Renzo	Olivo	ARG	175625
171	Hiroki	Moriya	JPN	331600
172	Guilherme	Clezar	BRA	260400
173	Aslan	Karatsev	RUS	107795
174	Maxime	Authom	BEL	275919
175	Elias	Ymer	SWE	130404
176	Liam	Broady	GBR	94160
177	Evgeny	Donskoy	RUS	954565
178	Roberto	Carballes Baena	ESP	176242
179	Thomas	Fabbiano	ITA	318664
180	Guido	Andreozzi	ARG	222699
181	Nicolas	Jarry	CHI	59612
182	Chase	Buchanan	USA	191516
183	Ze	Zhang	CHN	461498
184	Dennis	Novikov	USA	117510
185	Adam	Pavlasek	CZE	78623
186	Victor	Hanescu	ROU	4297051
187	Andrea	Arnaboldi	ITA	357805
188	Adrian	Ungur	ROU	840986
189	Pere	Riba	ESP	1247787
190	Ruben	Ramirez Hidalgo	ESP	2227668
191	Matthew	Ebden	AUS	1508194
192	Andrej	Martin	SVK	346501
193	Giovanni	Lapentti	ECU	522367
194	Jose	Hernandez-Fernandez	DOM	67756
195	Roberto	Marcora	ITA	88766
196	Brydan	Klein	GBR	328155
197	Potito	Starace	ITA	3788748
198	Jan	Hernych	CZE	2117560
199	Tim	Puetz	GER	209365
200	Mathias	Bourgue	FRA	80205
201	Hans	Podlipnik-Castillo	CHI	200799
202	Marius	Copil	ROU	555308
203	Saketh	Myneni	IND	85987
204	Jozef	Kovalik	SVK	102584
205	Vincent	Millot	FRA	465126
206	Jarmere	Jenkins	USA	111570
207	Mirza	Basic	BIH	174498
208	Andrey	Rublev	RUS	96362
209	Germain	Gigounon	BEL	123099
210	Jesse	Huta Galung	NED	916576
211	Jason	Jung	USA	74065
212	Aldin	Setkic	BIH	178689
213	Ti	Chen	TPE	342507
214	Christian	Lindell	SWE	126460
215	Matteo	Donati	ITA	83010
216	Enzo	Couacaud	FRA	58701
217	Filippo	Volandri	ITA	3878022
218	Rui	Machado	POR	884893
219	Gianni	Mina	FRA	104996
220	Luke	Saville	AUS	242386
221	Jan	Mertl	CZE	483622
222	Yannick	Mertens	BEL	281877
223	Bradley	Klahn	USA	554092
224	Matteo	Viola	ITA	473932
225	Maxime	Hamou	FRA	31415
226	Pedro	Cachin	ARG	38119
227	Karen	Khachanov	RUS	80569
228	Jaroslav	Pospisil	CZE	490249
229	Boy	Westerhof	NED	209324
230	Benjamin	Mitchell	AUS	218996
231	Tsung-Hua	Yang	TPE	304566
232	Nicolas	Kicker	ARG	44335
233	Laurent	Lokoli	FRA	120115
234	Edward	Corrie	GBR	113183
235	Remi	Boutillier	FRA	36723
236	Tristan	Lamasine	FRA	71730
237	Fabiano	De Paula	BRA	133121
238	Mohamed	Safwat	EGY	143268
239	Antonio	Veic	CRO	549866
240	Jordi	Samper-Montana	ESP	141587
241	Dennis	Novak	AUT	49551
242	Daniel	Nguyen	USA	54760
243	Jonathan	Eysseric	FRA	329214
244	Henrique	Cunha	BRA	49367
245	Egor	Gerasimov	BLR	96692
246	Tomislav	Brkic	BIH	84476
247	Laslo	Djere	SRB	48920
248	Dzmitry	Zhyrmont	BLR	124203
249	David	Guez	FRA	632752
250	Jules	Marie	FRA	74006
251	Yannick	Jankovits	FRA	55240
252	Darian	King	BAR	56409
253	Uladzimir	Ignatik	BLR	340811
254	Jordan	Thompson	AUS	130480
255	Peter	Torebko	GER	153707
256	Riccardo	Bellotti	ITA	75775
257	Juan Carlos	Saez	CHI	62450
258	Ramkumar	Ramanathan	IND	72493
259	Nils	Langer	GER	118690
260	Michael	Russell	USA	2435057
261	Alex	Bolt	AUS	201234
262	Christian	Garin	CHI	61756
263	Oriol	Roca Batalla	ESP	66833
264	Hugo	Dellien	BOL	59566
265	Lamine	Ouahab	MAR	403973
266	Mate	Delic	CRO	144860
267	Enrique	Lopez-Perez	ESP	148177
268	Nicolas	Barrientos	COL	151710
269	Marco	Trungelliti	ARG	176220
270	Gianluca	Naso	ITA	365440
271	Connor	Smith	USA	34054
272	Alex	Kuznetsov	USA	885849
273	Frederik	Nielsen	DEN	820050
274	Liang-Chi	Huang	TPE	116515
275	Frederico Ferreira	Silva	POR	45035
276	Ante	Pavic	CRO	264029
277	Juan Ignacio	Londero	ARG	113967
278	Federico	Gaio	ITA	90436
279	Denys	Molchanov	UKR	321523
280	Grzegorz	Panfil	POL	164121
281	Takuto	Niki	JPN	65968
282	Andres	Molteni	ARG	236449
283	Alexis	Musialek	FRA	43188
284	Pedja	Krstin	SRB	69118
285	Henri	Laaksonen	SUI	190922
286	Dusan	Lojda	CZE	293158
287	Frances	Tiafoe	USA	43367
288	Arthur	De Greef	BEL	103210
289	Franko	Skugor	CRO	271416
290	Mitchell	Krueger	USA	71943
291	Yasutaka	Uchiyama	JPN	132505
292	Julien	Cagnina	BEL	37543
293	Dimitar	Kutrovsky	BUL	69925
294	Janez	Semrajc	SLO	67543
295	Daniel	Cox	GBR	228962
296	Quentin	Halys	FRA	44382
297	Gonzalo	Escobar	ECU	39685
298	Marek	Michalicka	CZE	83278
299	Miljan	Zekic	SRB	88573
300	Gregoire	Barrere	FRA	35392
301	Di	Wu	CHN	323229
302	Antal	Van Der Duim	NED	153701
303	David	Perez Sanz	ESP	48792
304	Dimitar	Kuzmanov	BUL	39019
305	Marcelo	Arevalo	ESA	86401
306	Peter	Polansky	CAN	614935
307	Grega	Zemlja	SLO	1097258
308	Yaraslav	Shyla	BLR	51690
309	Lukasz	Kubot	POL	4457925
310	Eduardo	Struvay	COL	141148
311	Gonzalo	Lama	CHI	86279
312	Alexander	Sarkissian	USA	23996
313	Jaime	Pulgar-Garcia	ESP	54585
314	Adrien	Bossel	SUI	102381
315	Yann	Marti	SUI	123642
316	Constant	Lestienne	FRA	44383
317	Roberto	Ortega-Olmedo	ESP	78906
318	Axel	Michon	FRA	230899
319	Guillaume	Rufin	FRA	728014
320	Marc	Giner	ESP	77220
321	Martin	Fischer	AUT	640255
322	Gerard	Granollers	ESP	241032
323	Erik	Crepaldi	ITA	74000
324	Jose	Pereira	BRA	91171
325	Ivo	Klec	SVK	416291
326	Jorge	Aguilar	CHI	309660
327	Duckhee	Lee	KOR	21373
328	Emilio	Gomez	ECU	105342
329	Dmitry	Tursunov	RUS	5556061
330	Miloslav	Mecir	SVK	227693
331	Daniel	Brands	GER	1716674
332	Maxim	Dubarenco	BLR	45290
333	Adam	El Mihdawy	USA	101844
334	Fernando	Romboli	BRA	152673
335	Filip	Horansky	SVK	43136
336	Martin	Alund	ARG	475834
337	Matthew	Barton	AUS	101136
338	Gavin	Van Peperzeel	AUS	46698
339	Stefano	Travaglia	ITA	94575
340	Jan	Satral	CZE	42242
341	Benjamin	Balleret	MON	351712
342	Adrian	Sikora	SVK	94245
343	Marco	Chiudinelli	SUI	1634319
344	Cheong-Eui	Kim	KOR	42825
345	Maximilian	Marterer	GER	25346
346	Dane	Propoggia	AUS	123136
347	Alexandar	Lazov	BUL	47645
348	Matija	Pecotic	CRO	15426
349	Nikola	Milojevic	SRB	31118
350	Stefano	Napolitano	ITA	42128
351	Louk	Sorensen	IRL	199032
352	Philipp	Petzschner	GER	3542285
353	Richard	Becker	GER	50609
354	Eric	Quigley	USA	51608
355	Joshua	Milton	GBR	110810
356	Tennys	Sandgren	USA	167484
357	Miki	Jankovic	SRB	31534
358	Philip	Bester	CAN	158829
359	Tucker	Vorster	RSA	29877
360	Andriej	Kapas	POL	82475
361	Nikola	Mektic	CRO	257626
362	Nikola	Cacic	SRB	79473
363	Sanam	Singh	IND	104593
364	Laurynas	Grigelis	LTU	198564
365	Florent	Serra	FRA	2965501
366	Kamil	Majchrzak	POL	22744
367	Maxime	Teixeira	FRA	294492
368	Danai	Udomchoke	THA	1092646
369	Bastian	Trinker	AUT	51423
370	Rhyne	Williams	USA	438111
371	Javier	Marti	ESP	324000
372	Agustin	Velotti	ARG	189813
373	Stefan	Kozlov	USA	73452
374	Kevin	King	USA	86160
375	Yannik	Reuter	BEL	71664
376	Gianluigi	Quinzi	ITA	48956
377	Yan	Bai	CHN	101327
378	Ivan	Bjelica	SRB	84957
379	Johan	Tatlot	FRA	29359
380	Tomas	Lipovsek Puches	ARG	39789
381	Roman	Safiullin	RUS	12812
382	David	Rice	GBR	150643
383	Omar	Jasika	AUS	53387
384	Fabrice	Martin	FRA	203505
385	Martin	Vaisse	FRA	52646
386	Julien	Obry	FRA	90823
387	Anton	Zaitcev	RUS	43379
388	Federico	Coria	ARG	51490
389	Jose	Statham	NZL	193198
390	Duilio	Beretta	PER	65945
391	Micke	Kontinen	FIN	47782
392	Flavio	Cipolla	ITA	1563623
393	Salvatore	Caruso	ITA	46795
394	Omar	Giacalone	ITA	38459
395	Gianluca	Mager	ITA	24278
396	Victor	Baluda	RUS	100550
397	Joris	De Loore	BEL	37096
398	Caio	Zampieri	BRA	226538
399	Marko	Tepavac	SRB	22956
400	Sam	Barry	IRL	52029
401	N Vijay Sundar	Prashanth	IND	52096
402	Zhe	Li	CHN	198631
403	Jeevan	Nedunchezhiyan	IND	77677
404	Maverick	Banes	AUS	48513
405	Chuhan	Wang	CHN	68617
406	Alexander	Ward	GBR	95938
407	Robby	Ginepri	USA	3896643
408	Philipp	Davydenko	RUS	42479
409	Ilija	Bozoljac	SRB	701518
410	Marcus	Willis	GBR	87722
411	N.Sriram	Balaji	IND	82991
412	Mate	Pavic	CRO	293419
413	Calvin	Hemery	FRA	23004
414	Toni	Androic	CRO	140575
415	Michael	Linzer	AUT	74424
416	Takanyi	Garanganga	ZIM	62220
417	Yuya	Kibi	JPN	27649
418	Vladyslav	Manafov	UKR	32454
419	Ivan	Endara	ECU	88554
420	Kento	Takeuchi	JPN	95212
421	Ricardo	Rodriguez - Pace	VEN	53344
422	Thiago	Monteiro	BRA	54679
423	Nicolas	Meister	USA	69347
424	Toshihide	Matsui	JPN	209843
425	Mateo Nicolas	Martinez	ARG	39005
426	Alexandre	Folie	BEL	61759
427	Cristobal	Saavedra-Corvalan	CHI	109059
428	Fritz	Wolmarans	RSA	167793
429	Matteo	Trevisan	ITA	109043
430	Walter	Trusendi	ITA	142579
431	Cem	Ilkel	TUR	34217
432	Vladimir	Ivanov	EST	50891
433	Thales	Turini	BRA	81254
434	Patrik	Rosenholm	SWE	82477
435	Ruan	Roelofse	RSA	78481
436	Hugo	Nys	FRA	57195
437	Christopher	Diaz-Figueroa	GUA	73846
438	Kirill	Dmitriev	RUS	29884
439	Florian	Fallert	GER	27988
440	Julian	Reister	GER	808450
441	Daniel	Masur	GER	16600
442	Ricardo	Ojeda Lara	ESP	34990
443	Gleb	Sakharov	FRA	58480
444	Denis	Matsukevich	RUS	231175
445	Danilo	Petrovic	SRB	47141
446	Lorenzo	Giustino	ITA	99032
447	Guillermo	Rivera-Aranguiz	CHI	91954
448	Maxime	Chazal	FRA	34353
449	Mikhail	Ledovskikh	RUS	260799
450	Nicolaas	Scholtz	RSA	31469
451	Marcos	Giron	USA	82495
452	Martin	Cuevas	URU	59591
453	Peter	Heller	GER	38353
454	Riccardo	Sinicropi	ITA	55828
455	Adrian	Partl	SVK	25032
456	Alexander	Vasilenko	RUS	15490
457	Alessandro	Giannessi	ITA	235131
458	Christopher	Rungkat	INA	73491
459	Peter	Kobelt	USA	22538
460	Sebastien	Boltz	FRA	28834
461	Jan	Hajek	CZE	1426887
462	Filip	Peliwo	CAN	92863
463	Jean-Yves	Aubone	USA	39829
464	Daniel	Garza	MEX	205119
465	Viktor	Durasovic	NOR	9652
466	Rogerio	Dutra Silva	BRA	669781
467	Petru-Alexandru	Luncanu	ROU	111076
468	Laurent	Rochette	FRA	162061
469	Boris	Pashanski	SRB	837645
470	Victor	Crivoi	ROU	619482
471	Daniil	Medvedev	RUS	12716
472	Ilya	Ivashka	BLR	15282
473	Alessandro	Bega	ITA	51053
474	Michael	Venus	NZL	275376
475	Matt	Reid	AUS	286235
476	Janko	Tipsarevic	SRB	7387598
477	Valery	Rudnev	RUS	126955
478	Patricio	Heras	ARG	67169
479	Mauricio	Echazu	PER	82899
480	Vaclav	Safranek	CZE	19605
481	Vasile	Antonescu	ROU	19230
482	Dayne	Kelly	AUS	56969
483	David	Vega Hernandez	ESP	40859
484	Mats	Moraing	GER	15956
485	Evgeny	Tyurnev	RUS	12430
486	Yannick	Maden	GER	20754
487	Bastian	Malla	CHI	17760
488	Shuichi	Sekiguchi	JPN	64340
489	Maximilian	Neuchrist	AUT	73747
490	Hiroyasu	Ehara	JPN	39595
491	Daniele	Giorgini	ITA	165879
492	Dragos	Dima	ROU	16323
493	Ivan	Gakhov	RUS	19296
494	Mikhail	Elgin	RUS	672465
495	Andrew	Harris	AUS	28205
496	Juan Sebastian	Gomez	COL	44816
497	Kevin	Krawietz	GER	104871
498	Mischa	Zverev	GER	2036834
499	Michal	Schmid	CZE	64986
500	Martins	Podzus	LAT	18383
501	Temur	Ismailov	UZB	31430
502	Deiton	Baughman	USA	20444
503	Evgeny	Karlovskiy	RUS	23539
504	Albert	Alcaraz Ivorra	ESP	24859
505	Christian	Trubrig	AUT	11912
506	Maxime	Tabatruong	FRA	10996
507	Tom	Kocevar-Desman	SLO	25632
508	Scott	Griekspoor	NED	20733
509	Ricardo	Hocevar	BRA	340922
510	Mario	Vilella Martinez	ESP	14078
511	Andrea	Collarini	ARG	109908
512	Juan	Lizariturry	ESP	59603
513	Dmitry	Popko	KAZ	18688
514	Theo	Fournerie	FRA	14989
515	Roberto	Quiroz	ECU	29882
516	Frederico	Gil	POR	1398916
517	Wilson	Leite	BRA	51138
518	Pascal	Brunner	AUT	31263
519	Christopher	O'Connell	AUS	17056
520	Nicola	Ghedin	ITA	29505
521	Ryusei	Makiguchi	JPN	40416
522	Nicolas	Reissig	AUT	68256
523	Ji Sung	Nam	KOR	61866
524	Sherif	Sabry	EGY	91153
525	Daniel	Dutra da Silva	BRA	124687
526	Baris	Erguden	TUR	44125
527	Florian	Mayer	GER	5262268
528	Tommy	Paul	USA	7882
529	Filip	Veger	CRO	34680
530	Markus	Eriksson	SWE	72318
531	Dennis	Nevolo	USA	36157
532	Jose	Checa-Calvo	ESP	167722
533	Andre	Miele	BRA	150814
534	Michael	Llodra	FRA	8533350
535	Edoardo	Eremin	ITA	40075
536	Andrew	Whittington	AUS	115609
537	Henrik	Sillanpaa	FIN	24416
538	Marat	Deviatiarov	UKR	21242
539	Claudio	Fortuna	ITA	39792
540	Tiago	Lopes	BRA	108319
541	Federico	Zeballos	BOL	39751
542	Joao	Domingues	POR	29727
543	Mackenzie	McDonald	USA	36809
544	Michal	Konecny	CZE	91652
545	Juan-Samuel	Arauzo-Martinez	ESP	35426
546	Petros	Chrysochos	CYP	8170
547	Matwe	Middelkoop	NED	304684
548	Harry	Bourchier	AUS	17524
549	Andrea	Basso	ITA	21998
550	Marc	Gicquel	FRA	2513052
551	Orlando	Luz	BRA	8551
552	Riccardo	Ghedin	ITA	268120
553	Carlos	Boluda-Purkiss	ESP	35807
554	Yusuke	Watanuki	JPN	28204
555	Fabricio	Neis	BRA	67930
556	Juan Pablo	Paz	ARG	22691
557	Juan Ignacio	Galarza	ARG	21277
558	Stephane	Robert	FRA	1336308
559	Tigre	Hank	MEX	42371
560	Tom	Jomby	FRA	12133
561	Bruno	Sant'anna	BRA	51378
562	Juan Martin	Del Potro	ARG	15369422
563	Josselin	Ouanna	FRA	736387
564	Daniel	Smethurst	GBR	168181
565	Antonio	Sancic	CRO	50104
566	Sekou	Bangoura	USA	65247
567	Richard	Gabb	GBR	48028
568	Arthur	Surreaux	FRA	17093
569	Tomislav	Jotovski	MKD	27880
570	Wil	Spencer	USA	6265
571	Michael	Lammer	SUI	533475
572	Artem	Smirnov	UKR	131496
573	Sanjar	Fayziev	UZB	20716
574	Farris Fathi	Gosea	GBR	10489
575	Marek	Semjan	SVK	179938
576	Jacob	Grills	AUS	24456
577	Mitchell	Frank	USA	30277
578	Facundo	Mena	ARG	47171
579	Mick	Lescure	FRA	19778
580	Evan	Song	USA	18376
581	Matias	Sborowitz	CHI	25396
582	Francesco	Picco	ITA	33995
583	Julien	Dubail	BEL	52085
584	Alexandre	Sidorenko	FRA	396493
585	Kaichi	Uchida	JPN	16497
586	Jorge	Panta	PER	17686
587	Romain	Barbosa	POR	16802
588	Lukas	Mugevicius	LTU	16752
589	Javier	Pulgar-Garcia	ESP	14236
590	Hiroki	Kondo	JPN	176602
591	Viktor	Galovic	CRO	39994
592	Joshua	Ward Hibbert	GBR	33506
593	Duje	Kekez	CRO	30688
594	Jerome	Inzerillo	FRA	50768
595	Yong-Kyu	Lim	KOR	109402
596	Isak	Arvidsson	SWE	34316
597	Pedro	Sakamoto	BRA	29111
598	Hernan	Casanova	ARG	16037
599	Jan	Choinski	GER	8994
600	Juan Ignacio	Ameal	ARG	13292
601	Ernesto	Escobedo	USA	24457
602	Alexandros	Jakupovic	GRE	116322
603	Vladimir	Uzhylovsky	UKR	33908
604	Denis	Bejtulahi	SRB	25108
605	Dmytro	Badanov	UKR	15728
606	Julio	Peralta	CHI	98747
607	Georgi	Rumenov Payakov	ESP	29569
608	Daniel	Evans	GBR	443564
609	Maximiliano	Estevez	ARG	71760
610	Hans	Hach Verdugo	MEX	16577
611	Pablo	Vivero Gonzalez	ESP	8744
612	Jorge	Hernando Ruano	ESP	23844
613	Pol	Toledo Bague	ESP	27232
614	Samuel	Bensoussan	FRA	12932
615	Brayden	Schnur	CAN	24766
616	Amir	Weintraub	ISR	312656
617	Jordan	Ubiergo	FRA	8460
618	Romain	Arneodo	MON	59796
619	Antoine	Escoffier	FRA	25665
620	Niels	Lootsma	NED	15184
621	Takashi	Saito	JPN	14421
622	Arata	Onozawa	JPN	62539
623	Karim-Mohamed	Maamoun	EGY	30954
624	Joao Pedro	Sorgi	BRA	43425
625	Marco	Bortolotti	ITA	43807
626	Ivan	Arenas-Gualda	ESP	63882
627	Alberto	Brizzi	ITA	214785
628	Adelchi	Virgili	ITA	16628
629	Guillermo	Duran	ARG	112132
630	Karunuday	Singh	IND	34942
631	Pietro	Licciardi	ITA	20205
632	Nicolas Alberto	Arreche	ARG	10383
633	Michael	Mmoh	USA	20116
634	Yannick	Vandenbulcke	BEL	35312
635	Valentin	Florez	ARG	24373
636	Dejan	Katic	SRB	33580
637	Franco	Agamenone	ARG	13479
638	Luke	Bambridge	GBR	30857
639	Marcus	Daniell	NZL	104207
640	Joao	Menezes	BRA	8261
641	Steven	Diez	CAN	168645
642	Dominik	Suc	CZE	20323
643	Antonie	Hoang	FRA	10132
644	Young Seok	Kim	KOR	8618
645	Miliaan	Niesten	NED	34794
646	Evgeny	Korolev	KAZ	1509207
647	Moritz	Baumann	GER	40235
648	Blake	Mott	AUS	29569
649	Clement	Geens	BEL	7973
650	Tal	Goldengoren	ISR	12662
651	Evgeny	Elistratov	RUS	15592
652	Toby	Martin	GBR	26167
653	Alexey	Vatutin	RUS	37618
654	Manuel	Sanchez	MEX	61726
655	Elie	Rousset	FRA	43935
656	Juan Pablo	Varillas Patino-Samudio	PER	9663
657	Ivan	Nedelko	RUS	72633
658	Issam Haitham	Taweel	EGY	33539
659	Julian	Lenz	GER	9393
660	Yannick	Thivant	FRA	9240
661	Marcin	Gawron	POL	132986
662	Gregoire	Jacq	FRA	12474
663	Felipe	Mantilla	COL	37680
664	Tom	Farquharson	GBR	19398
665	Johannes	Haerteis	GER	7512
666	Gregoire	Burquier	FRA	234009
667	Andrei	Vasilevski	BLR	59913
668	Patrik	Fabian	SVK	15441
669	Luis David	Martinez	VEN	61470
670	Matthias	Wunner	GER	19798
671	James	Marsalek	GBR	39997
672	Akira	Santillan	JPN	8412
673	Marc	Sieber	GER	65844
674	Finn	Tearney	NZL	13213
675	Filipe	Brandao	BRA	19577
676	Jack	Carpenter	GBR	20334
677	Sandro	Ehrat	SUI	64392
678	Jaume	Munar	ESP	13265
679	Roman	Jebavy	CZE	120869
680	Robin	Kern	GER	68630
681	Dimitar	Grabul	MKD	20159
682	Ugo	Nastasi	LUX	13530
683	Mathieu	Rodrigues	FRA	142013
684	Adrien	Puget	FRA	8736
685	Devin	McCarthy	USA	14303
686	Ranjeet	Virali-Murugesan	IND	65521
687	Juan Pablo	Ficovich	ARG	8653
688	Filippo	Leonardi	ITA	51920
689	Min-Hyeok	Cho	KOR	17836
690	Karol	Beck	SVK	2109570
691	George	Coupland	GBR	16180
692	Pruchya	Isarow	THA	13806
693	David	Souto	VEN	82125
694	Artur	Dubinski	BLR	7825
695	Lorenzo	Sonego	ITA	6089
696	Alban	Meuffels	NED	26137
697	Lucas	Miedler	AUT	7204
698	Vadim	Alekseenko	UKR	48427
699	Maxime	Janvier	FRA	8972
700	Tobias	Simon	GER	11648
701	Matej	Sabanov	CRO	20527
702	Carlos	Salamanca	COL	328008
703	Theodoros	Angelinos	GRE	90621
704	Keith-Patrick	Crowley	RSA	21138
705	Yuichi	Ito	JPN	89394
706	Aleksandre	Metreveli	GEO	16548
707	Medy	Chettar	FRA	15689
708	Luis	Patino	MEX	28416
709	Anil	Yuksel	TUR	31826
710	Alexandr	Igoshin	RUS	17558
711	Andre	Dome	USA	11566
712	Mike	Urbanija	SLO	21457
713	Hugo	Grenier	FRA	7450
714	Jonas	Merckx	BEL	13948
715	Ljubomir	Celebic	MNE	11908
716	Eduardo Agustin	Torre	ARG	16431
717	Franjo	Raspudic	CRO	21543
718	Sergey	Betov	BLR	123395
719	Leonardo	Kirche	BRA	145668
720	Simone	Vagnozzi	ITA	490215
721	Jeff	Dadamo	USA	40028
722	Dino	Marcan	CRO	113956
723	Jean-Marc	Werner	GER	26091
724	Lucas	Gomez	MEX	13935
725	Luca	Pancaldi	ITA	12561
726	Dekel	Bar	ISR	22783
727	Pirmin	Haenle	GER	44309
728	Marc	Fornell-Mestres	ESP	204700
729	Piotr	Lomacki	POL	5971
730	Yanais	Laurent	FRA	14976
731	Ryan	Agar	AUS	33928
732	Janis	Podzus	LAT	11367
733	Denis	Yevseyev	KAZ	39246
734	Bar Tzuf	Botzer	ISR	15868
735	Pascal	Meis	GER	11127
736	Vasco	Mensurado	POR	11624
737	Carlos Eduardo	Severino	BRA	30639
738	Libor	Salaba	CZE	23833
739	Nerman	Fatic	BIH	12313
740	Andre	Gaspar Murta	POR	24411
741	Ilija	Vucic	SRB	31292
742	Eduard	Esteve Lobato	ESP	22039
743	Yannick	Hanfmann	GER	11035
744	Ashley	Hewitt	GBR	26299
745	Gaston-Arturo	Grimolizzi	ARG	49010
746	Maxime	Tchoutakian	FRA	15022
747	Ben	Mclachlan	NZL	9424
748	Eduardo	Dischinger	BRA	36928
749	Florent	Diep	FRA	17042
750	Wesley	Koolhof	NED	66613
751	Andres	Artunedo Martinavarro	ESP	45395
752	Peter	Nagy	HUN	9428
753	Rafael	Matos	BRA	8388
754	Daniiar	Duldaev	KGZ	24066
755	Yassine	Idmbarek	MAR	54959
756	Jonathan	Kanar	FRA	8561
757	Matteo	Marfia	ITA	24097
758	Francois-Arthur	Vibert	FRA	37430
759	Martin	Pedersen	DEN	40313
760	Mao-Xin	Gong	CHN	217242
761	Taylor Harry	Fritz	USA	11697
762	Greg	Jones	AUS	317725
763	Rudy	Coco	FRA	61977
764	Matias	Zukas	ARG	6230
765	Min-Kyu	Song	KOR	11088
766	Jake	Eames	AUS	14437
767	Sasi Kumar	Mukund	IND	8446
768	Joe	Salisbury	GBR	13851
769	Catalin-Ionut	Gard	ROU	154717
770	Sander	Gille	BEL	15548
771	Pawel	Cias	POL	14617
772	Marcos	Giraldi Requena	ESP	23460
773	Alex	Bogomolov Jr.	RUS	2054594
774	Mario	Haider-Maurer	AUT	10988
775	Mikael	Ymer	SWE	4054
776	Leonardo	Tavares	POR	182551
777	Edan	Leshem	ISR	6118
778	Mohit Mayur	Jayaprakash	IND	14310
779	Gibril	Diarra	AUT	17605
780	Richard	Muzaev	RUS	34348
781	Jacob	Adaktusson	SWE	143007
782	Stanislav	Vovk	RUS	67248
783	Cameron	Norrie	GBR	8219
784	Hong	Chung	KOR	18248
785	Blazej	Koniusz	POL	63787
786	Matteo	Berrettini	ITA	4995
787	Alexander	Zhurbin	RUS	24397
788	Raymond	Sarmiento	USA	13299
789	Sadio	Doumbia	FRA	10856
790	Jeroen	Vanneste	BEL	11211
791	Tomislav	Ternar	SLO	29152
792	Tristan-Samuel	Weissborn	AUT	40895
793	Jui-Chen	Hung	TPE	21586
794	Jaume	Pla Malfeito	ESP	12392
795	Corentin	Denolly	FRA	3733
796	Phassawit	Burapharitta	THA	5870
797	Carlos	Gomez-Herrera	ESP	60031
798	Francisco	Bahamonde	ARG	8830
799	Marvin	Netuschil	GER	17304
800	Robin	Stanek	CZE	14558
801	Marek	Jaloviec	CZE	9502
802	Sebastian Exequiel	Pini	ARG	13160
803	Vinayak Sharma	Kaza	IND	23248
804	Miguel	Semmler	ESP	10094
805	Daniele	Capecchi	ITA	11687
806	Riccardo	Bonadio	ITA	17643
807	Jeremy	Jahn	GER	27650
808	Caio	Silva	BRA	31824
809	Bastian	Wagner	GER	10744
810	Rodrigo	Sanchez	PER	22087
811	Arkadiusz	Kocyla	POL	24371
812	Mico	Santiago	USA	14796
813	Bowen	Ouyang	CHN	46044
814	Ricardo	Urzua-Rivera	CHI	49418
815	Sergio	Martos Gornes	ESP	15460
816	Matias Franco	Descotte	ARG	13158
817	Olivier	Rochus	BEL	4905754
818	Jesse	Witten	USA	390016
819	Corentin	Moutet	FRA	4221
820	Lewis	Burton	GBR	50500
821	Denys	Mylokostov	UKR	15096
822	Neil	Pauffley	GBR	38609
823	Christopher	Heyman	BEL	7152
824	Pietro	Rondoni	ITA	23628
825	Tom	Schonenberg	GER	19436
826	Jordi	Munoz-Abreu	VEN	21303
827	Rafael	Camilo	BRA	63790
828	Alexander	Lobkov	RUS	96642
829	Dylan Seong Kwan	Kim	KOR	19203
830	Hiromasa	Oku	JPN	13495
831	Filip	Brtnicky	CZE	5388
832	George	Tsivadze	GEO	10999
833	Peter	Goldsteiner	AUT	15321
834	Giulio	Torroni	ITA	43765
835	Fabien	Reboul	FRA	7998
836	Alan	Kohen	ARG	8230
837	Francesco	Vilardo	ITA	20477
838	Omar	Salman	BEL	5214
839	Leon	Schutt	GER	8266
840	Luca	Margaroli	SUI	33144
841	Daniel	Lustig	CZE	65502
842	Oscar	Hernandez	ESP	1943784
843	Fred	Simonsson	SWE	9984
844	Noah	Rubin	USA	60653
845	Marcelo	Zormann	BRA	9592
846	Pedro	Sousa	POR	154990
847	Piotr	Gadomski	POL	59847
848	Claudio	Grassi	ITA	145785
849	Kyle	Mcmorrow	USA	14933
850	Filippo	Baldi	ITA	13934
851	Milos	Sekulic	SWE	43604
852	Timon	Reichelt	GER	10738
853	Jonathan	Mridha	SWE	7510
854	Christoffer	Solberg	SWE	5218
855	Andrei	Plotniy	RUS	38638
856	Michael	Geerts	BEL	7614
857	Goncalo	Oliveira	POR	15425
858	Nicolas	Santos	BRA	62700
859	Gabriel Alejandro	Hidalgo	ARG	40394
860	Michal	Pazicky	SVK	36564
861	Elmar	Ejupovic	GER	5441
862	Joaquin-Jesus	Monteferrario	ARG	50670
863	Gengo	Kikuchi	JPN	13328
864	Puriwat	Chatpatcharoen	THA	6390
865	Jonny	O'Mara	GBR	10093
866	Davide	Della Tommasina	ITA	24203
867	Thomas	Brechemier	FRA	4800
868	Ilya	Lebedev	RUS	11682
869	Gonzalo	Villanueva	ARG	11272
870	Gleb	Alekseenko	UKR	38159
871	Cristian	Villagran	SUI	191594
872	Divij	Sharan	IND	183870
873	Jonas	Luetjen	GER	13151
874	Zdenek	Kolar	CZE	4761
875	Spencer	Papa	USA	4330
876	Vishnu	Vardhan	IND	121917
877	Zhaoyi	Cao	CHN	9909
878	Gustavo	Vellbach	ARG	6786
879	Karim	Hossam	EGY	36479
880	Jan	Blecha	CZE	32757
881	Mariano	Kestelboim	ARG	8294
882	Lukas	Finzelberg	GER	2872
883	Juan-Carlos	Spir	COL	45437
884	Patrick	Ofner	AUT	12818
885	Vladimir	Polyakov	RUS	11738
886	Benjamin	Bonzi	FRA	5012
887	Tyler	Hochwalt	USA	29601
888	Wishaya	Trongcharoenchaikul	THA	17624
889	Thomas	Grinberg	FRA	8136
890	Pavel	Nejedly	CZE	4764
891	Eric	Prodon	FRA	551992
892	Rik	De Voest	RSA	1349991
893	Djurabeck	Karimov	UZB	8201
894	Alexander	Bublik	RUS	4063
895	Sho	Katayama	JPN	23628
896	Ronald	Slobodchikov	RUS	13220
897	Teri	Groll	FRA	10639
898	Cheng-Yu	Yu	TPE	9818
899	Constantin	Belot	FRA	21457
900	Greg	Ouellette	USA	105455
901	Nico	Matic	GER	10708
902	Vadym	Ursu	UKR	5538
903	Loic	Perret	SUI	11165
904	Kittipong	Wachiramanowong	THA	79936
905	Ricardo	Villacorta-Alonso	ESP	24987
906	Matthieu	Roy	FRA	23175
907	Barkin	Yalcinkale	TUR	18899
908	Bernabe	Zapata Miralles	ESP	6436
909	Thomas	Holzer	ITA	10575
910	Enzo	Sommer	SUI	2422
911	Philipp	Oswald	AUT	515101
912	Alvaro	Lopez San Martin	ESP	1708
913	Keita	Koyama	JPN	6582
914	Eduardo	Nava	USA	4106
915	Rodrigo	Banzer	BOL	3522
916	Hyun-Woo	Nam	KOR	56553
917	Jelle	Sels	NED	8799
918	Tim	Nekic	GER	15444
919	Nicolas Alejandro	De Gregorio	ARG	8984
920	Jorge	Montero	CHI	25167
921	Gabor	Borsos	HUN	5946
922	Michael	Grant	USA	6374
923	Siyu	Liu	CHN	17302
924	Lukas	Ruepke	GER	7596
925	Felipe	Escobar	COL	24330
926	Andrew	Bettles	GBR	5968
927	Chih-Jen	Ho	TPE	15407
928	Alexandr	Kushakov	UKR	14430
929	Markos	Kalovelonis	RUS	17236
930	Altug	Celikbilek	TUR	6915
931	Timur	Khabibulin	KAZ	14686
932	Roman	Khassanov	KAZ	9335
933	Scott	Clayton	GBR	14356
934	Daniel	Glancy	IRL	31440
935	Daniel	Kosakowski	USA	132841
936	Shintaro	Imai	JPN	4353
937	Yunseong	Chung	KOR	2730
938	Collin	Altamirano	USA	49422
939	Bumpei	Sato	JPN	47948
940	Chu-Huan	Yi	TPE	67795
941	Sarvar	Ikramov	UZB	58573
942	Shotaro	Goto	JPN	4840
943	Matias Rodolfo	Buchhass	ARG	5580
944	Gergely	Madarasz	HUN	7812
945	Luca George	Tatomir	ROU	6046
946	Ronan	Joncour	FRA	2982
947	Steven	De Waard	AUS	7780
948	Stanislav	Poplavskyy	UKR	30338
948	Warit	Sornbutnark	THA	11316
950	Ben	Patael	ISR	4428
951	Franco	Feitt	ARG	6242
952	Romain	Bauvy	FRA	6810
953	Arsenije	Zlatanovic	SRB	40440
954	Andrei	Ciumac	MDA	55388
954	Petr	Michnev	CZE	7087
956	Alexandre	Tsuchiya	BRA	20614
957	Daniel	Altmaier	GER	4280
958	Vlad Victor	Cornea	ROU	10286
959	Xin	Gao	CHN	30883
960	Alberto	Cammarata	ITA	7476
961	Pietro	Fanucci	ITA	20698
962	Miguel	Gallardo-Valles	MEX	243949
963	Rudolf	Siwy	CZE	12193
964	Julio Cesar	Campozano	ECU	145730
965	Connor	Farren	USA	9285
966	Matteo	Fago	ITA	20658
967	Tomas	Papik	CZE	6540
968	Francesco	Borgo	ITA	31899
969	Justin S.	Shane	USA	5324
970	Alejandro	Mendoza	BOL	10085
971	Katsuki	Nagao	JPN	6905
972	Karol	Drzewiecki	POL	4896
973	Lukas	Jastraunig	AUT	31234
974	Adria	Mas Mascolo	ESP	9398
975	Hassan	Ndayishimiye	BDI	12396
976	Teodor-Dacian	Craciun	ROU	125229
977	Michael	Bois	FRA	21971
978	Shonigmatjon	Shofayziyev	UZB	27503
979	Chris	Guccione	AUS	1385439
980	Jae-Min	Seol	KOR	7190
981	Dong-Whee	Choi	KOR	14492
982	Tihomir	Grozdanov	BUL	51862
983	Ji Hoon	Son	KOR	3002
984	Thomas	Giraudeau	FRA	7227
985	Woong-Sun	Jun	KOR	190658
986	Petar	Trendafilov	BUL	12423
987	Plamen	Milushev	BUL	3620
988	Evan	King	USA	43223
989	Naoki	Nakagawa	JPN	8053
990	Dean	O'Brien	RSA	33641
991	Nino	Serdarusic	CRO	6527
992	Juraj	Masar	SVK	14802
993	Andrei	Cociasu	ROU	4010
994	Matthew	Short	GBR	24206
995	Mehdi	Jdi	MAR	13237
996	Chieh-Fu	Wang	TPE	34910
997	Petar	Conkic	SRB	4162
998	Nuno	Deus	POR	5777
999	Jakub	Lustyk	CZE	25586
1000	Paul	Cayre	FRA	7377
1001	Lorenzo	Frigerio	ITA	20383
1002	Wei Qiang	Zheng	CHN	5774
1003	Dante	Gennaro	ARG	11785
1004	Ryota	Tanuma	JPN	4368
1005	Yan	Sabanin	RUS	14672
1006	Cristian	Carli	ITA	4898
1007	Pavel	Krainik	CAN	32689
1008	Leandro	Portmann	ARG	11422
1009	Masato	Shiga	JPN	14999
1010	Bobby	Reynolds	USA	1573292
1011	Oliver	Golding	GBR	95168
1012	Cesar	Ramirez	MEX	126670
1013	Mateusz	Kowalczyk	POL	205943
1014	Marc	Rath	AUT	50884
1015	Jeremy Hunter	Nicholas	USA	4049
1016	Jose Antonio	Salazar Martin	ESP	10402
1017	Thai-Son	Kwiatkowski	USA	4711
1018	Fajing	Sun	CHN	2343
1019	Daniel	Windahl	SWE	7448
1020	Marc	Polmans	AUS	18647
1021	Alexander	Rumyantsev	RUS	53025
1022	Alexios	Halebian	USA	18747
1023	Benjamin	Ugarte	CHI	10971
1024	Cedrick	Commin	FRA	8798
1025	Oscar Fabian	Matthews	USA	9759
1026	Stefanos	Tsitsipas	GRE	4408
1027	Jan	Kuncik	CZE	16569
1028	Fedor	Chervyakov	RUS	15148
1029	Augusto	Laranja	BRA	34609
1030	Fabio	Mercuri	ITA	4632
1031	Vullnet	Tashi	SUI	4200
1032	Pedro	Bernardi	BRA	12068
1033	Maxim	Ratniuk	RUS	5030
1034	Sami	Reinwein	GER	29064
1035	Nicolas	Rosenzweig	FRA	25713
1036	Konstantinos	Mikos	GRE	11642
1037	Dmitry	Surchenko	RUS	11595
1038	Dominik	Kellovsky	CZE	8689
1039	Simeon	Rossier	SUI	6978
1040	David	Volfson	CAN	7491
1041	Francesco	Garzelli	ITA	16578
1042	Danylo	Kalenichenko	UKR	8716
1043	Mardy	Fish	USA	7351676
1044	Tommy	Haas	GER	13112533
1045	Noam	Okun	ISR	784375
1046	Dragos Nicolae	Madaras	ROU	1168
1046	Florian	Reynet	FRA	69484
1048	Kristijan	Mesaros	CRO	122183
1049	Ryan	Shane	USA	2992
1050	Jung-Woong	Na	KOR	27793
1051	Daniel	Hobart	AUS	2565
1052	Ronnie	Schneider	USA	9380
1053	Alexander	Perfilov	RUS	4401
1054	Jared	Hiltzik	USA	5464
1055	Leonardo	Telles	BRA	3727
1056	Mikhail	Biryukov	RUS	51200
1057	Marko	Osmakcic	SUI	2366
1058	Bogdan	Bobrov	RUS	2624
1058	Sumit	Nagal	IND	2576
1060	Tobias	Blomgren	SWE	12357
1061	Alessandro	Petrone	ITA	19335
1062	Jae Hwan	Kim	KOR	6808
1063	Ismar	Gorcic	BIH	67256
1064	David	Simunek	CZE	4591
1064	David Agung	Susanto	INA	9738
1066	Michael	Shabaz	USA	60409
1067	Adrian	Obert	GER	3846
1068	Marcos Vinicius	Dias	BRA	15110
1068	Luciano	Doria	ARG	6042
1070	Tak Khunn	Wang	FRA	50053
1071	Rogelio	Siller	MEX	5872
1072	Viktor	Filipenko	HUN	13296
1073	Filippo	Borella	ITA	6148
1074	Damon	Gooch	RSA	10538
1075	Darren K.	Polkinghorne	AUS	11792
1076	Juan Manuel	Matute	ARG	8474
1077	Collin	Johns	USA	5666
1077	Zhizhen	Zhang	CHN	7707
1079	Andrei Stefan	Apostol	ROU	7670
1080	Samuel	Ribeiro Navarrete	ESP	10832
1081	Lloyd George	Harris	RSA	1038
1082	Hubert	Hurkacz	POL	2606
1083	Dmitriy	Kamynin	UKR	5885
1084	Mark	Whitehouse	GBR	2245
1085	Johan	Nikles	SUI	1772
1086	Riccardo	Maiga	SUI	18577
1087	Sebastiaan	Bonapart	NED	2502
1088	Mikhail	Fufygin	RUS	54205
1089	Jacob	Kahoun	SUI	5228
1090	Alberto	Rojas-Maldonado	MEX	6077
1091	Pavel	Staubert	CZE	4873
1092	Andrew	Carter	USA	11850
1093	Maciej	Rajski	POL	6042
1094	Alessandro	Colella	ITA	21105
1095	Carlos	Ramirez Utermann	MEX	4598
1096	Marshall	Tutu	GBR	6431
1097	Daniel Elahi	Galan	COL	9439
1098	Patrick	Ciorcila	ROU	21406
1099	Ilya	Polonskiy	RUS	4120
1100	Maciej	Smola	POL	23166
1101	Tallon	Griekspoor	NED	3792
1102	Christopher	Marquis	IND	7759
1103	Martin	Beran	CAN	5280
1104	Carlos	Taberner	ESP	3222
1105	Sidharth	Rawat	IND	9681
1106	Mircea-Alexandru	Jecan	ROU	5919
1106	Thomas	Le Boulch	FRA	10337
1108	Davide	Melchiorre	ITA	15546
1109	Artem	Sitak	NZL	279162
1110	Konstantinos	Economidis	GRE	402466
1111	Jorge	Cavero	PER	1772
1112	Antonio	Cembellin	ESP	1608
1113	Juho	Paukku	FIN	85140
1114	Laurent	Recouderc	FRA	429241
1115	Christian	Plattes	GER	4199
1116	Ku Keon	Kang	KOR	1694
1117	Alexander	Day	CAN	2784
1118	Martin	Redlicki	USA	9520
1119	Reilly	Opelka	USA	2348
1120	Juan Matias	Gonzalez Carrasco	CHI	7768
1121	Jarryd	Chaplin	AUS	7074
1121	Maxime	Forcin	FRA	12778
1123	Pablo	Galdon	ARG	131415
1124	Soong-Jae	Cho	KOR	40230
1125	Daniel	Uhlig	GER	12378
1126	Antoine	Bellier	SUI	3487
1127	Luke Immanuel	Harvey	AUS	3961
1128	Aaron	Cortes Alcaraz	ESP	4284
1129	Chayanon	Kaewsuto	THA	5468
1130	Daniel	Cukierman	ISR	4218
1131	Rodrigo	Senattore	URU	9916
1132	Marc	Garcia-Roman	ESP	15758
1133	Franko	Miocic	CRO	4740
1134	David	Sofaer	HKG	6469
1135	Mauricio	Astorga	MEX	27549
1136	Antonio	Campo	ITA	9645
1137	Bogdan	Djurdjevic	GER	4990
1138	Giorgio	Portaluri	ITA	31861
1139	Lucas	Renard	SWE	24296
1140	Boris	Conkic	SRB	12098
1141	Seong-chan	Hong	KOR	2966
1142	Tim	Van Rijthoven	NED	2182
1143	Johannes	Schretter	AUT	4982
1144	Amine	Ahouda	MAR	3430
1145	Jirat	Navasirisomboon	THA	1680
1146	Dragos Constantin	Ignat	ROU	3198
1146	Paul	Monteban	NED	2098
1148	Pedro	Martinez Portero	ESP	2754
1149	Juan Manuel	Benitez Chavarriaga	COL	8406
1149	Takao	Suzuki	JPN	722771
1149	Clay	Thompson	USA	11100
1152	Olexiy	Kolisnyk	UKR	2842
1153	Keelan	Oakley	GBR	7476
1154	Mark	Fynn	ZIM	16035
1155	Laurent	Malouli	FRA	16166
1156	Jannis	Kahlke	GER	5417
1156	Shunrou	Takeshima	JPN	7942
1158	Facundo	Manzanares	ARG	8724
1158	Dennis	Uspensky	USA	4416
1160	Robbie	Ridout	GBR	2296
1161	Christoph	Negritu	GER	4156
1161	Chandril	Sood	IND	11543
1163	Sergei	Bubka	UKR	460341
1164	Manuel	Barros	ARG	7319
1164	Robert	Constantinovici	ROU	5563
1166	Suraj R	Prabodh	IND	3806
1166	Cameron	Silverman	USA	4576
1168	Ko	Suzuki	JPN	8294
1169	Oscar Jose	Gutierrez	BRA	5492
1170	Nils	Brinkman	GER	4944
1171	Paul	Woerner	GER	4504
1172	Adrian	Bodmer	SUI	4933
1173	Sander	Arends	NED	13239
1174	Joao	Walendowsky	BRA	9335
1175	Thomas	Statzberger	AUT	12368
1176	Ferdinando	Bonuccelli	ITA	5312
1176	Artur	Completo	POR	6326
1178	Borja	Rodriguez Manzano	ESP	16213
1179	Bobbie	De Goeijen	NED	10528
1179	Christian	Hirschmueller	GER	9632
1179	Federico	Maccari	ITA	9023
1182	Ivan	Sabanov	CRO	13648
1183	Matias	Castro	ARG	21828
1184	Luka	Zaninovic	CRO	11535
1185	Sebastian	Wagner	GER	12150
1186	Santiago	Gonzalez	MEX	1314933
1186	Oliver	Marach	AUT	2108459
1186	Julien	Mathieu	FRA	32184
1186	Julian	Saborio	CRC	502
1186	Alexander	Sadecky	SUI	100501
1186	Josko	Topic	CRO	43271
1186	Laslo	Urrutia Fuentes	CHI	14482
1193	Albano	Olivetti	FRA	275356
1194	Purav	Raja	IND	180043
1195	Marcelo	Demoliner	BRA	211572
1196	Hunter	Harrington	USA	1028
1196	Yohei	Ono	JPN	2396
1196	Nathan	Pasha	USA	11890
1196	Borut	Puc	CRO	29352
1200	Daniel	Knoflicek	CZE	2137
1201	Patrick	Prader	ITA	13717
1202	Peerakiat	Siriluethaiwattana	THA	37879
1203	Ivan	Kosec	SVK	5280
1204	Adrian	Andrzejczuk	POL	1330
1205	Costin	Paval	ROU	24184
1206	Yang	Lu	CHN	8948
1207	Ty	Trombetta	USA	19075
1208	Mikhail	Vaks	RUS	15737
1209	Enrico	Burzi	ITA	123193
1210	Alejandro	Gomez	COL	4537
1210	Jeson	Patrombon	PHI	7673
1212	Nikola	Ciric	SRB	197303
1213	Lakshit	Sood	IND	9339
1214	Florian	Barth	GER	9985
1215	Morgan	Bourbon	FRA	2854
1216	Adam	Chadaj	POL	144927
1217	Thomas	Fancutt	AUS	2852
1218	Marko	Djokovic	SRB	71525
1218	Mikolaj	Jedruszczak	POL	8340
1218	Benjamin	Lock	ZIM	3894
1221	Bjorn	Propst	AUT	17019
1221	Alex	Rybakov	USA	2092
1223	Fabian	Van Der Lans	NED	3588
1224	Daniel	Guccione	AUS	5960
1225	Jesper	Brunstrom	SWE	15943
1226	Sebastian	Ofner	AUT	3184
1227	James Junior	Storme	BEL	7079
1228	Charalampos	Kapogiannis	GRE	14818
1228	Michal	Milko	SVK	8229
1230	Danail	Tarpov	BUL	4898
1230	Michel	Vernier	CHI	4534
1232	Adam	Majchrowicz	POL	10445
1233	Julian	Busch	ARG	5160
1233	Antonio	Mastrelia	ITA	8102
1235	Dragos Cristian	Mirtea	ROU	15052
1236	Nikita	Kryvonos	USA	80900
1237	Gianluca	Di Nicola	ITA	4616
1238	Levente	Godry	HUN	13110
1238	George	Von Massow	GER	19777
1240	Moos	Sporken	NED	3960
1240	Lennart	Zynga	GER	8744
1242	Remy	Chala	FRA	7412
1242	Igor	Sobolta	UKR	5540
1244	Tuna	Altuna	TUR	44155
1245	Demian	Raab	GER	7639
1246	Kevin	Kaczynski	GER	10182
1246	Ivo	Mijic	GER	20382
1248	Sefa	Suluoglu	TUR	6659
1249	Efe	Yurtacan	TUR	20809
1250	Felix	Auger Aliassime	CAN	0
1250	Jordan	Kerr	AUS	1071061
1250	Hyung-Taik	Lee	KOR	2355221
1253	Moses	Michael	NGR	1302
1254	Kamil	Capkovic	SVK	228747
1254	Sora	Fukuda	JPN	924
1256	Nam Hoang	Ly	VIE	2448
1257	Osama	Zoghlami	CAN	1148
1258	Miguel Angel	Reyes-Varela	MEX	106515
1259	Lucas	Catarina	MON	2363
1259	Colin	Van Beem	NED	15340
1259	Fran Zvonimir	Zgombic	CRO	1228
1262	Edmundo	Ulloa	PER	1292
1263	Sang-Woo	Noh	KOR	18896
1263	Julius	Tverijonas	LTU	2734
1265	Aleksandar	Vukic	AUS	1634
1266	Stanislav	Korshunov	RUS	3184
1267	Nathan	Ponwith	USA	1582
1268	Peng-Xiang	Gong	CHN	3010
1268	Ho-Min	Kang	KOR	1950
1268	Ivan	Liutarevich	BLR	2566
1271	Ryan	Haviland	USA	16841
1272	Valentin	Dimov	BUL	24575
1272	Joran	Vliegen	BEL	3528
1274	Giorgi	Javakhishvili	GEO	5078
1274	Christian Florentin	Voinea	ROU	6227
1276	Joffrey	De Schepper	FRA	4296
1277	David	Pichler	AUT	2100
1278	Andreas	Mies	GER	9480
1278	Masaki	Sasai	JPN	6591
1278	Marcel	Waloch	AUT	2940
1281	Sergio	Monges	PER	6726
1282	Eric	Fomba	FRA	5376
1282	Evan	Hoyt	GBR	5767
1282	Timur	Kiuamov	RUS	5446
1282	Aljaz	Radinski	SLO	2530
1286	Victor	Girat Magin	FRA	4170
1286	Juan	Montes	COL	3408
1286	Alexandre	Muller	FRA	3286
1286	Sebastian	Rivera	ECU	15034
1290	Adam	Thornton-Brown	GBR	7027
1290	Aoxiong	Wang	CHN	4226
1292	Mazen	Osama	EGY	12828
1293	Ferdun	Shevkedov	BUL	2278
1294	Yecong	He	CHN	4322
1295	Jesus	Bandres	VEN	11539
1295	Ronit Singh	Bisht	IND	4678
1295	Alex	Blumenberg	BRA	17536
1298	Yuriy	Kryvoy	UKR	6949
1298	Alexander	Merino	PER	5626
1298	Daniel	Skripnik	ISR	9667
1301	Keivon	Tabrizi	SUI	3370
1302	Dariusz	Lipka	POL	7611
1302	Yuqing	Ning	CHN	13414
1304	Bogdan Ionut	Apostol	ROU	7441
1305	Younes	Rachidi	MAR	51353
1306	Calum	Puttergill	AUS	7129
1307	Sagadat	Ayap	KAZ	6548
1307	Ivan	Gomez Mantilla	ESP	8455
1307	Aswin	Lizen	GBR	2692
1307	Manuel	Mazzella	ITA	8310
1311	Olaf	De Weerdt	BEL	8751
1311	Giovanni	Rizzuti	ITA	3752
1311	Andrew	Ruppli	SUI	2356
1314	Vitaly	Kozyukov	RUS	7117
1315	Mateo	Faber	CRO	5356
1315	Anton	Galkin	RUS	13724
1317	Bruce	Strachan	GBR	4986
1318	Anis	Ghorbel	TUN	5893
1319	Farzin Danny	Amiri	USA	3594
1320	Yurii	Dzhavakian	UKR	5146
1321	Mark	Vervoort	NED	35583
1322	Goran	Markovic	SRB	5902
1323	Imran	Aswat	GBR	6708
1324	Maxime	Quinqueneau	FRA	5280
1325	Lucas	Poullain	FRA	744
1326	Oliver	Anderson	AUS	1824
1326	Daniel	Chu	CAN	14275
1328	Cedrik-Marcel	Stebe	GER	558568
1329	Jordi	Arconada	ARG	1266
1330	Adam	Skalsky	GBR	1420
1331	Duarte	Vale	POR	1646
1332	Jason	Tahir	USA	5690
1333	Andrei	Levine	RUS	25636
1333	Alex	Llompart	PUR	16877
1333	Matteo	Marrai	ITA	103160
1336	Roberto	Cid	DOM	6500
1337	Christopher	Helliar	GBR	1256
1338	Oliver	Hudson	GBR	9863
1338	Marko	Mokrzycki	GER	3482
1338	Oliver	Mrose	SUI	1410
1341	Attila	Balazs	HUN	146830
1341	Andre	Biro	HUN	1648
1341	Blaz	Bizjak	SLO	2352
1341	Baptiste	Crepatte	FRA	1858
1341	Gilles	De Sousa	FRA	18203
1341	Jeremy	Efferding	USA	3178
1341	Erik	Elliott	USA	6936
1348	Samm	Butler	GBR	1330
1349	Mitchell William	Robins	AUS	1944
1349	Chaleechan	Tanasugarn	THA	2400
1351	Raphael	Baltensperger	SUI	1440
1351	Alexander	Boborykin	RUS	1454
1351	Oh-Hee	Kwon	KOR	85674
1351	Seung-Jae	Lee	KOR	6019
1351	Franco	Moral	CHI	1480
1351	Gian Marco	Moroni	ITA	1870
1351	Raleigh	Smith	USA	1764
1358	Franco	Capalbo	ARG	1230
1358	Sang-Oh	Oh	KOR	2764
1358	Nik	Razborsek	SLO	13883
1358	Quentin	Robert	FRA	3967
1362	Mousheg	Hovhannisyan	USA	3014
1362	Robin	Lang	GER	1202
1364	Patrick	Daciek	USA	7003
1364	Franco Emanuel	Egea	ARG	2792
1364	Oleg	Khotkov	UKR	1310
1364	Matt	Seeberger	USA	11682
1368	Khalid	Allouch	MAR	2848
1368	Romain	Bogaerts	BEL	7559
1368	Jea Moon	Lee	KOR	4048
1368	Mandresy	Rakotomalala	FRA	1622
1368	Kris	Van Wyk	RSA	1554
1368	Marious	Zelba	AUS	9215
1374	Keisuke	Watanuki	JPN	3199
1375	Antoine-Michel	Alexeev	SUI	2152
1375	Jakub	Filipsky	CZE	5626
1375	Niki	Kaliyanda Poonacha	IND	2470
1375	Alexandre	Massa	FRA	7575
1379	Peter	Bothwell	IRL	2638
1379	Joshua	Chetty	RSA	2204
1379	Jessy	Kalambay	SUI	6101
1379	Leny	Mitjana	FRA	1740
1379	Gabriel	Petit	FRA	1456
1379	Rigele	Te	CHN	4552
1379	Jan	Zielinski	POL	4261
1379	Steffen	Zornosa	COL	16101
1387	Tomislav	Draganja	CRO	8590
1388	Mateo Facundo	Cressa	ARG	6690
1388	Goncalo	Falcao	POR	23708
1388	Junn	Mitsuhashi	JPN	65836
1388	Philip	Orno	DEN	6123
1388	Herkko	Pollanen	FIN	11114
1388	Pedro Pablo	Ruiz	COL	9545
1388	Ilia	Shatskiy	RUS	18161
1395	Ken	Onishi	JPN	2608
1396	Oscar	Otte	GER	12846
1396	Tudor	Sulea	ROU	6456
1398	Kevin Jack	Carpenter	MEX	4226
1398	Anton	Manegin	RUS	36695
1400	Sarp	Agabigun	TUR	3513
1400	Alexandru-Daniel	Carpen	ROU	30607
1400	Besir	Durguti	MKD	5038
1400	Vasko	Mladenov	BUL	14838
1404	Marko	Danis	SVK	32664
1404	Giacomo	Oradini	ITA	22047
1404	Mauricio	Perez Mota	ARG	18026
1404	Strahinja	Rakic	SRB	4274
1404	Akash	Wagh	IND	16872
1409	Dominik	Boehler	GER	2292
1409	Shendrit	Deari	MKD	8025
1409	Henrique	Sousa	POR	7922
1412	Sagar	Ahuja	IND	6508
1413	Alexander	Lebedyn	UKR	3346
1414	Yuri	Andrade	BRA	4994
1414	Adam	Sanjurjo Hermida	ESP	20086
1416	Gokberk	Ergeneman	TUR	5643
1416	Mohamed	Shabib	DEN	5200
1418	Antonio	Massara	ITA	7550
1419	Darko	Jandric	SRB	5819
1419	Oscar	Mesquida Berg	ESP	4334
1419	Dominic	Weidinger	AUT	6818
1422	Rafael	Mazon-Hernandez	ESP	27213
1423	Robert	Rumler	CZE	22259
1424	Amerigo	Contini	ITA	4024
1424	Harri	Heliovaara	FIN	114307
1424	Gero	Kretschmer	GER	152751
1424	Jarryd	Maher	AUS	17633
1424	Lionel	Mansour	FRA	462
1429	Ferran	Calvo Eman	ESP	1012
1429	Julian	Cash	GBR	1430
1429	Soren	Hess-Olesen	DEN	962
1429	Denis	Indondo Ilongende	COD	750
1429	Kryce-Didier	Momo-Kassa	GAB	1501
1429	Myles	Orton	GBR	7265
1429	Alexander	Sendegeya	GBR	1196
1429	Vincent	Stouff	FRA	17343
1437	Murkel Alejandro	Dellien Velasco	BOL	1887
1437	Aditya Hari	Sasongko	INA	4539
1437	Thomas	Schoorel	NED	264970
1440	Viktor	Kostin	GER	778
1440	Alexander	Perez Cortez	COL	942
1440	Vaja	Uzakov	UZB	56241
1440	Andrew	Watson	GBR	682
1444	Aleksandre	Bakshi	GEO	1160
1444	Jonathon	Cooper	AUS	14014
1444	Makoto	Ochi	JPN	568
1444	Joshua	Paris	GBR	1016
1444	Thomas	Shubert	USA	2686
1449	Milan	Habrman	SVK	516
1449	Eric	Johnson	USA	1149
1449	Dominique	Maden	GER	2030
1449	Ronak	Manuja	IND	13574
1449	Frederick	Saba	USA	932
1449	Franco	Scaravilli	ARG	4685
1455	Dane	Chuntraruk	THA	3371
1456	Herve	Antchandie	GAB	1188
1456	Jae-Won	Choi	KOR	6605
1456	Nicolae	Frunza	ROU	2458
1456	Diego	Hidalgo	ECU	15957
1456	Filip	Kraljevic	CRO	1657
1456	Sergis	Kyratzis	CYP	1696
1456	Matej	Maruscak	SVK	2691
1456	Francisco	Stuardo	CHI	1634
1456	Antun	Vidak	CRO	5486
1456	Timothee	Zannou	BEN	1230
1456	Mate	Zsiga	HUN	1198
1467	Giacomo	Miccini	ITA	9441
1467	Federico	Moreno	ARG	1226
1469	Michal	Dembek	POL	1649
1469	Pavel	Filin	BLR	12400
1469	Robert	Herrera	ESP	1628
1469	Teodor Nicolae	Marin	ROU	5638
1469	Philipp	Scholz	GER	1690
1469	Alejandro	Tabilo	CAN	2012
1475	Walker	Duncan	USA	1392
1476	Louis	Cant	BEL	5147
1476	Carl	Eguez	USA	2707
1476	Dinko	Halachev	BUL	13268
1476	Eduardo	Lacalle	CHI	1368
1476	Yuanfeng	Li	CHN	4240
1476	Jathan	Malik	GBR	8553
1476	Stijn	Meulemans	BEL	1778
1483	Vitaliy	Sachko	UKR	1404
1484	Alexander	Braun	GER	1444
1484	Damiano	Di Ienno	ITA	25390
1484	Seydou	Diallo	MLI	2276
1484	Inaki	Gimenez Pilutik	ARG	2018
1484	Ram	Kapach	ISR	2124
1484	Bolat	Mamyr	KAZ	1994
1484	David	O'hare	IRL	9398
1484	Jose	Olivares	DOM	2076
1484	Igor	Saveljic	MNE	1808
1484	Kelsey	Stevenson	CAN	11883
1484	Brandon	Walkin	AUS	2580
1495	Byung-Kook	Kang	KOR	17426
1495	Mathieu	Perchicot	FRA	1556
1495	Daniel	Tamir	ISR	2534
1498	Boris Nicola	Bakalov	BUL	23857
1498	Punn	Bodhidatta	THA	5866
1498	Zhao	Cai	CHN	6785
1498	David Chaplefeh	Forchap	GER	3186
1498	Mohsen	Hossein Zade	IRI	5248
1498	Vladzimir	Kruk	BLR	16773
1498	Daniel	Manlow	GBR	3551
1505	Sergio	Castellon Guasch	ESP	3224
1506	Kunal	Anand	IND	9119
1506	Francesco	Bessire	ITA	2934
1506	Joachim	Bjerke	NOR	4674
1506	Robert	Carter	GBR	8456
1506	Luka	Ilic	SRB	7022
1506	Ren	Nakamura	JPN	2548
1506	Simon	Stevens	BEL	2108
1506	Luka	Sucevic	SRB	2434
1506	Hannes	Wagner	GER	4557
1506	Yahor	Yatsyk	BLR	10437
1516	Rodrigo	Arus	URU	3096
1516	Alberto	Romero De Avila Senise	ESP	1764
1518	Mauricio	Alvarez-Guzman	CHI	15525
1518	Mor	Bulis	ISR	5286
1518	Alexandr	Chepelev	RUS	4226
1518	Ilie-Aurelian	Giurgiu	ROU	15147
1518	Morgan	Johansson	SWE	5042
1518	Denis	Kapric	GER	3376
1518	Anton	Pavlov	EST	3504
1518	Mauricio	Resendiz Dominguez	MEX	3676
1518	Bartosz	Wojnar	POL	3242
1527	David	Fleming	CHI	12223
1527	Jannis	Liniger	SUI	10487
1527	Quinton	Vega	USA	3436
1530	Simone	Roncalli	ITA	1860
1530	Anoosha	Shahgholi	IRI	20112
1532	Karim	Kadry	EGY	6998
1532	Soichiro	Moritani	JPN	5974
1534	Victor	Nunez	CHI	11113
1535	Muhammet	Haylaz	TUR	4996
1536	Ryota	Kishi	JPN	7762
1537	Filipp	Kekercheni	UKR	4286
1538	Duilio	Vallebuona	PER	10207
1539	Tomas	Iriarte	ARG	6080
1539	Antoine	Richard	CAN	10620
1541	Isade	Juneau	CAN	10290
1542	Gonzales	Austin	USA	1540
1542	Leonardo	Azzaro	ITA	320438
1542	Marin	Bradaric	CRO	54569
1542	Stefan	Fortmann	RSA	504
1542	Sergio	Gutierrez-Ferrol	ESP	139768
1542	Abdelhak	Hameurlaine	ALG	8372
1542	Sebastian	Lavie	NZL	13183
1542	Joao	Monteiro	POR	910
1542	David	Pamminger	AUT	3160
1542	Richard	Waite	GER	18598
1542	Jake	Wynan	AUS	779
1553	Darius Florin	Bragusi	ROU	6183
1553	Lucas	Gerch	GER	816
1553	Eduard	Guell Bartrina	ESP	1225
1553	Gregor	Hutterer	AUT	1492
1553	Guy Orly	Iradukunda	BDI	1060
1553	Marko	Lenz	GER	12328
1553	Juan	Rocha	ARG	514
1560	Henry	Atseye	NGR	3188
1560	Albert Bisong	Bikom	NGR	666
1560	Martin	Blasko	SVK	552
1560	Gage	Brymer	USA	4444
1560	Nick	Chappell	USA	3395
1560	Romain	Dauzet	FRA	710
1560	Nicolas	Ferrando	ARG	570
1560	Marcus	Fugate	USA	33819
1560	Slim	Hamza	TUN	1140
1560	Filip	Havaj	SVK	3529
1560	Aron	Hiltzik	USA	1708
1560	Souma	Kuribayashi	JPN	1046
1560	Dong-Kyu	Lee	KOR	4152
1560	Yi-Feng	Li	CHN	5029
1560	Halit Berke	Mangaloglu	TUR	1197
1560	Oleg	Prihodko	UKR	700
1560	Dominik	Schulz	GER	17736
1560	Samuel	Shropshire	USA	1894
1560	Tomas	Stillman	USA	1126
1560	Hong Kit	Wong	HKG	632
1580	Giorgio	De rossi	ITA	572
1580	Markus	Kerner	EST	3625
1580	Stieg	Martens	BEL	890
1580	Justiniano	Richard	ARG	850
1584	Geoffrey	Blancaneaux	FRA	534
1584	James	Chaudry	GBR	2850
1584	Alon	Elia	ISR	4188
1584	Marc-Andrea	Huesler	SUI	860
1584	George	Jecminek	CAN	9919
1584	Gary	Kushnirovich	USA	770
1584	Florian	Lakat	FRA	1372
1584	Chris	Letcher	AUS	47802
1584	Riccardo	Merone	ITA	1596
1584	Kokou	Missodey	TOG	1792
1584	Patrik	Niklas-salminen	FIN	1297
1584	Ken	Onoda	JPN	3941
1584	Michail	Pervolarakis	CYP	556
1584	Nicolas	Podesta	USA	742
1584	Jan	Poskocil	AUT	1794
1584	Alexander	Ritschard	SUI	14103
1584	Marko	Stosic	SLO	1286
1584	Jun Nan	Tao	CHN	4254
1584	Pavel	Tsoy	UZB	3614
1584	Gabriel	Tumasonis	BRA	970
1584	Eero	Vasa	FIN	793
1605	Hicham	Khaddari	MAR	27815
1605	Michael	Quintero	COL	202605
1605	Thibault	Venturino	FRA	6532
1605	Dimitriy	Voronin	RUS	796
1609	Ivar Jose	Aramburu Contreras	MEX	1482
1609	Peter	Ashley	GBR	1054
1609	Bogdan	Borza	ROU	984
1609	Juan Pablo	Canas Garcia	ESP	1408
1609	Henry	Choi	CAN	4454
1609	Tobias	Dankl	GER	1550
1609	Chevaan	Davids	RSA	800
1609	Blake	Ellis	AUS	1032
1609	Alexandre	Favrot	FRA	3466
1609	Catalin	Fifea	ROU	1494
1609	Benjamin	Hassan	GER	552
1609	Shahin	Khaledan	IRI	8029
1609	Aaron	Leeder-Chard	AUS	9270
1609	Mladen	Mitak	CRO	1310
1609	Duncan	Mugabe	UGA	9564
1609	Or	Ram-Harel	ISR	6260
1609	Joshua	Sapwell	GBR	932
1609	Romain	Sichez	FRA	17556
1609	Luca	Tomasetto	ITA	604
1609	Emiliano Franco	Vecchia	ARG	1218
1609	Luyao	Wang	CHN	3036
1609	Jumpei	Yamasaki	JPN	2360
1609	Jae Won	Yun	KOR	3176
1609	Yankel	Zemel	ISR	928
1633	Victor	Ouvrard	FRA	1228
1633	Antun	Pehar	CRO	5848
1633	Dominik	Sproch	SVK	4554
1633	Sheng Hao	Zhou	CHN	1050
1637	Tomas	Buchhass	ARG	14909
1637	Mauricio	Cassimiro	BRA	2557
1637	Joseph	Digiulio	USA	1746
1637	Filip	Dolezel	CZE	2398
1637	Juan Cruz	Estevarena	ARG	4566
1637	Daniel	Ferretti	AUS	6267
1637	Lenny	Hampel	AUT	968
1637	Tadayuki	Longhi	JPN	4150
1637	Adolfo	Marin	CHI	1456
1637	Julian	Ocleppo	ITA	938
1637	Ryan	Peniston	GBR	2342
1637	Anatoliy	Petrenko	UKR	1396
1637	David	Poljak	CZE	3280
1637	Nino	Portales	FRA	900
1637	Lofo	Ramiaramanan	MAD	6799
1637	Timur	Razmaitov	RUS	1384
1637	Stefan	Rettl	AUT	3176
1637	Yasin	Sama	ARG	1232
1637	Simon Friis	Soendergaard	DEN	1104
1637	Igor	Tubic	SWE	5545
1637	Vincent	Van den Honert	NED	2596
1637	Antoine	Walch	FRA	2224
1637	Bojan	Zdravkovic	SRB	4909
1637	Yue	Zhang	CHN	2124
1637	Zhicheng	Zhu	CHN	916
1637	Antonio	Zucca	ITA	1641
1663	Dominic	Cotrone	USA	1648
1664	Thibault	Cancel	FRA	1822
1664	Felipe	Cunha-Silva	POR	1643
1664	Simon	Ede	AUS	13879
1664	Camilo Andres	Erazo	COL	1608
1664	Mohamed	Hassan	ALG	2049
1664	Slobodan	Jevtic	SRB	5880
1664	Alexander	Klintcharov	NZL	1964
1664	Kirill	Komarov	RUS	1602
1664	Vladimir	Korolev	RUS	1704
1664	Mikhail	Korovin	RUS	2008
1664	Kevin	Kylar	CAN	2556
1664	Guy	Michelevitz	ISR	2660
1664	Stefan	Milicevic	SRB	1312
1664	Dae-Soung	Oh	KOR	6094
1664	Andrea	Pellegrino	ITA	1680
1664	Christian	Samuelsson	SWE	1774
1664	Maxim	Tybar	BLR	1144
1664	Atsushi	Ushida	JPN	1218
1664	Andrea	Vavassori	ITA	1120
1664	Igor	Zubov	RUS	3452
1684	Matthias	Haim	AUT	988
1684	Carlos Alberto	Longhi Neto	BRA	2698
1686	Aaron	Addison	AUS	1947
1686	Mohamed	Adnaoui	MAR	6132
1686	Roberto	Affonso	BRA	2154
1686	Javier	Amantegui	ESP	1474
1686	Anvit	Bendre	IND	3756
1686	Jose Fernando	Carvajal Torres	COL	3736
1686	Mirko	Cutuli	ITA	1466
1686	Max	De Vroome	NED	3080
1686	Maximilian	Dinslaken	GER	13480
1686	Leon	Frost	AUS	31727
1686	Andrea	Grazioso	ITA	2994
1686	Woo-Ram	Kim	KOR	9551
1686	Tommaso	Lago	ITA	6009
1686	Teodor	Leahu	ROU	2362
1686	Hyung-Chan	Lim	KOR	6305
1686	Winston	Lin	USA	2558
1686	Francesco	Moncagatto	ITA	3053
1686	Brian	Orradre	ARG	2750
1686	Andreas Ignacio	Pasutti	ARG	1488
1686	Goncalo	Pereira	POR	22245
1686	Davide	Pontoglio	ITA	3112
1686	Mateo Andres	Ruiz Naranjo	COL	5749
1686	Su Hao	Zhong	CHN	2668
1709	Nicolo	Turchetti	ITA	2567
1710	Andres	Alvarez Cerdan	MEX	2718
1710	Francisco Adolfo	Blanco Paris	ESP	1664
1710	Nicolas	Cavalheiro	BRA	2916
1710	Chris	Cooprider	USA	3260
1710	Neeraj	Elangovan	IND	6216
1710	Melik	Feler	FRA	4103
1710	Osni	Junior	BRA	6919
1710	Sun-Yong	Kim Jr.	KOR	42945
1710	Miguel Angel	Lopez Jaen	ESP	267794
1710	Alessandro	Luisi	ITA	2334
1710	Maksim	Malyshev	RUS	4593
1710	Ryotero	Matsumura	JPN	2254
1710	Oran	Reznik	ISR	4508
1710	Jose Fco.	Vidal Azorin	ESP	2594
1724	Serge	Becerra Jeria	CHI	2396
1724	Jatin	Dahiya	IND	5972
1724	Facundo	Jofre	ARG	2869
1724	Harry David	Meehan	GBR	10052
1724	Emanuele	Molina	ITA	19112
1724	Lorenzo	Papasidero	ITA	16589
1724	David	Pel	NED	9690
1731	Jacopo	Stefanini	ITA	2968
1732	Congsup	Congcar	THA	2598
1732	Simon	Navarro	CHI	7080
1732	Luis Fernando	Ramirez	VEN	7939
1732	Nicholas Alexander	Reyes	USA	2424
1736	Pedro	Dominguez Alonso	ESP	4907
1737	Amirvala	Madanchi	IRI	3991
1738	Tinotenda	Chanakira	ZIM	8694
1738	Jaime	Fermosell Delgado	ESP	2654
1738	Peter	Mick	SVK	2586
1738	Alexander	Mozgovoy	RUS	4002
1738	Tommy	Mylnikov	CAN	5766
1743	Stefan	Micov	MKD	7491
1744	Phillip	Gresk	POL	2836
1745	Esteban	Bruna	CHI	3886
1745	Patrick	Davidson	USA	9992
1747	Elwin	Antony	IND	3740
1747	Arsan	Arashov	KAZ	312
1747	Oleksiy	Arovin	UKR	1400
1747	Aaron	Banasik	GBR	1634
1747	Joao	Barra	POR	966
1747	Andraz	Bedene	SLO	13572
1747	Saso	Bende	SLO	4606
1747	Jose Daniel	Bendeck	COL	4498
1747	Andreas	Bjerrehus	DEN	688
1747	Caleb	Boland	AUS	312
1747	Niclas	Braun	GER	172
1747	Daniel	Byrnes	AUS	2874
1747	Vivien	Cabos	FRA	258
1747	Luca	Castelnuovo	SUI	804
1747	David	Catala-Velasco	ESP	1852
1747	Agustin	Cattoretti	BOL	236
1747	Jonathan	Chang	USA	580
1747	Edward	Christopher Anefu	NGR	510
1747	Valentino	Ciotti	ITA	344
1747	James	Cluskey	IRL	57819
1747	Alexander	Cozbinov	MDA	1484
1747	Marco	Crugnola	ITA	331013
1747	Yossi	Dahan	ISR	208
1747	Robert	Dudley	IRL	630
1747	Shalva	Dzhanashiya	RUS	3565
1747	Patrick	Eichenberger	SUI	16391
1747	Sebastian	Fanselow	GER	5885
1747	Boris	Fassbender	FRA	308
1747	Jesus Francisco	Felix	DOM	1010
1747	He	Feng	CHN	11837
1747	Tiago	Fernandes	BRA	47095
1747	Nikolai	Fidirko	BLR	31190
1747	Pablo	Figueroa	SWE	21412
1747	Isaac	Frost	AUS	26544
1747	Felipe	Garces	CHI	444
1747	Salikh	Gilmutdinov	RUS	574
1747	Alessandro	Giuliato	ITA	172
1747	Lloyd	Glasspool	GBR	2144
1747	George	Goldhoff	USA	702
1747	Federico Agustin	Gomez	ARG	244
1747	Christofer Daniel	Goncalves	VEN	720
1747	David	Gorsic	SLO	172
1747	Bhavesh	Gour	IND	388
1747	Benjamin	Hannestad	DEN	354
1747	Maxime	Hinnisdaels	BEL	446
1747	Hiroki	Horikiri	JPN	172
1747	Yuichiro	Inui	JPN	172
1747	Patryk	Janik	POL	2049
1747	Benjamin	Janse van Rensburg	RSA	9269
1747	In-Kyo	Jeong	KOR	258
1747	Justin	Kates	CAN	258
1747	Hyeong Don	Kim	KOR	236
1747	Ji-Ha	Kim	KOR	372
1747	Kirill	Kivattsev	RUS	258
1747	Alexis	Klegou	BEN	10944
1747	Miroslav	Kleman	SVK	748
1747	Denys	Klok	UKR	638
1747	Egor	Koleganov	RUS	1012
1747	Daiki	Kondo	JPN	2653
1747	Daniel	Kopeinigg	AUT	1172
1747	Nicola	Kuhn	GER	172
1747	Igor	Lakhno	UKR	1536
1747	Kuan-Yi	Lee	TPE	376
1747	Stefan	Lindmark	SWE	570
1747	Komlavi	Loglo	TOG	74234
1747	Michael	Look	AUS	44734
1747	Azizbek	Lukmanov	UZB	632
1747	Stephen	Madonia	USA	362
1747	Yutaro	Matsuzaki	JPN	430
1747	Morgan	Mays	USA	1386
1747	Laurent	Mazzetti	FRA	654
1747	Wyatt	Mccoy	USA	312
1747	Donovan	Mcseveney	RSA	560
1747	Sebastian	Mejia	COL	294
1747	Victor-Carvalho	Melo	BRA	3443
1747	Martin	Mendoza	ARG	172
1747	Alexey	Miller	RUS	2089
1747	Kim	Moellers	GER	3967
1747	Mohammed	Mohazebnia	IRI	16875
1747	Ju-Hae	Moon	KOR	2958
1747	Motoki	Nakamura	JPN	552
1747	Luca	Narcisi	ITA	236
1747	Kazuki	Nishiwaki	JPN	172
1747	Gabriele Maria	Noce	ITA	394
1747	Genaro Alberto	Olivieri	ARG	236
1747	Thomas Otu	Omang	NGR	354
1747	Julian	Onken	GER	1694
1747	Elliott	Orkin	USA	280
1747	Ziga	Papez	SLO	452
1747	Kody	Pearson	AUS	280
1747	Manel	Perez Esteve	ESP	538
1747	Pedro	Platzeck Cavalcante	BRA	258
1747	Mathieu	Rajaonah	FRA	272
1747	Toufik	Sahtali	ALG	208
1747	Douglas	Segatti	BRA	236
1747	Stefan	Seifert	GER	83729
1747	Nikolai	Soloviev	RUS	7653
1747	Augusto	Stodart	ARG	172
1747	Ben	Stride	GBR	312
1747	Yusuke	Takemoto	JPN	172
1747	Kristjan	Tamm	EST	172
1747	Sasa	Tuksar	CRO	158262
1747	Daniel	Tyntaryov	ISR	616
1747	Romai	Ugarte	CHI	524
1747	Tomas	Venere	ARG	172
1747	Sebastian	Vidal	CHI	280
1747	Leonel	Videla	ARG	4247
1747	Franco	Viu	ARG	244
1747	Matej	Vocel	CZE	236
1747	Ashley	Watling	GBR	2867
1747	Kai	Wehnelt	GER	326
1747	Jamie	Whiteford	GBR	1160
1747	Wesley	Whitehouse	NZL	193396
1747	Mochammad Rizky	Widianto	INA	384
1747	Hao	Wu	CHN	438
1747	Hai tong	Xia	CHN	208
1747	Amir Abdelkader	Zioui	ALG	498
1864	Haythem	Abid	TUN	45060
1864	Omar	Alawadhi	UAE	111421
1864	Orlando	Alcantara Rangel	MEX	362
1864	Pascal Ziyab	Alome	GHA	468
1864	Marino	Alpeza	BIH	380
1864	Jay	Andrijic	AUS	7235
1864	Sylvain	Anibie	CIV	7097
1864	Sebastian	Bader	AUT	15844
1864	Ayoub	Benamar	MAR	1147
1864	Filip	Bergevi	SWE	6667
1864	Randy	Blanco	CUB	1120
1864	Federico	Bonacia	ITA	436
1864	Ned	Boone	GBR	852
1864	Nuno	Borges	POR	488
1864	Yasser	Bouchareb	ALG	704
1864	Francisco	Cabral	POR	448
1864	Hunter	Callahan	USA	1738
1864	Manuel	Castellanos	DOM	630
1864	Louis	Chaix	FRA	424
1864	Long	Chen	CHN	936
1864	Tinashe	Chikanda	ZIM	1953
1864	Jong-Min	Choi	KOR	1142
1864	Seung-Ri	Choi	KOR	1404
1864	Sandeep	Choudhary	IND	570
1864	Ting Yu	Chuang	TPE	6888
1864	Vladyslav	Chumak	UKR	492
1864	Brett D.	Clark	USA	556
1864	Andrew	Corbitt	AUS	2717
1864	Kyle-Joshua	Dandan	PHI	574
1864	Miguel	Deus	POR	664
1864	Nathan	Doney	AUS	828
1864	Aziz	Dougaz	TUN	1050
1864	Scott	Duncan	GBR	1206
1864	Clifford	Enosoregbe	NGR	7642
1864	Miguel Angel	Este	VEN	514
1864	Daniel	Etcheverry	CHI	382
1864	Marcelo	Fortini Murbach	BRA	952
1864	Mateo	Galdon	ARG	2458
1864	Hector	Garcia Oliveda	ESP	2172
1864	Carlos	Garcia-Villanueva	ESP	3892
1864	Oriol	Garrobe Guilera	ESP	452
1864	Daniel	Geib	AUT	12823
1864	Ivan	Goluza	AUS	450
1864	Christopher	Grant	USA	312
1864	Alexandru	Grigorita	ROU	1330
1864	Patrick	Grigoriu	ROU	13361
1864	Joseph	Guillin	FRA	526
1864	Federico	Herrera Duran	ARG	276
1864	Tom	Hill	GBR	924
1864	Zeke	Hindle	USA	870
1864	Stephan	Hoiss	GER	7148
1864	Youssef	Hossam	EGY	1460
1864	Johannes	Ingildsen	DEN	478
1864	Suk-Young	Jeong	KOR	54911
1864	Arjun	Kadhe	IND	5196
1864	Ho-Gi	Kang	KOR	688
1864	Vladimir	Karusevich	RUS	12568
1864	Sang-Yuop	Kim	KOR	768
1864	William	Kirkman	DOM	522
1864	Jaan	Kononov	EST	548
1864	Vladyslav	Kramarov	UKR	384
1864	Shusaku	Kumakura	JPN	276
1864	Siu-Fai Kelvin	Lam	HKG	412
1864	Ji-Sup	Lim	KOR	1769
1864	Thomas	Linge	NOR	552
1864	Shao-Fan	Liu	TPE	680
1864	Darvel Valency	Lossangoye	GAB	876
1864	Wojciech	Lutkowski	POL	3358
1864	Tristan	Meraut	FRA	1920
1864	Irakli	Metreveli	GEO	384
1864	Leandro	Migani	ARG	105192
1864	Aayush	Mintri	IND	504
1864	Steven	Moneke	GER	51103
1864	Samuel	Monette	CAN	4058
1864	Marco	Mosciatti	ITA	380
1864	Ahmed	Moumni	MAR	1774
1864	Agustin	Moyano	ARG	2220
1864	John Patrick	Mullane	USA	478
1864	Guillermo	Nunez	CHI	8334
1864	Francisco	Olivares	CHI	3070
1864	Yuma	Otomo	JPN	864
1864	Agustin	Ozcoidi	ARG	728
1864	Mario	Paccini Sancho	ESP	534
1864	Felipe	Parada	CHI	77520
1864	Diego	Pedraza	COL	1100
1864	Hsien-Yin	Peng	TPE	59361
1864	Francisco	Perafan	COL	1032
1864	Bjoern	Petersen	GER	656
1864	Dmytro	Petrov	UKR	8670
1864	Aaro	Pollanen	FIN	908
1864	Joel	Popov	FIN	1824
1864	Luka	Radulovic	SRB	312
1864	Antso	Rakotondramanga	MAD	6272
1864	Alvaro	Raposo De Oliveira	PER	12036
1864	Sebastian	Rey	GBR	586
1864	Gonzalo Agustin	Ribera	ARG	276
1864	Santiago Fa	Rodriguez Taverna	ARG	494
1864	Felipe	Rojas	COL	4036
1864	Shu	Saito	JPN	2628
1864	Andrey	Saveliev	RUS	4746
1864	Ivan	Saveljic	MNE	944
1864	Bruno	Semenzato	BRA	16310
1864	Vasil	Shandarov	BUL	492
1864	Mattias	Siimar	EST	376
1864	Florian	Simbozel	FRA	328
1864	Stjepan	Sisko	CRO	348
1864	Harry	Skinner	GBR	1953
1864	Cagatay Sami	Soke	TUR	312
1864	Marco	Speronello	ITA	12937
1864	Sam	Taylor	SWE	726
1864	Renta	Tokuda	JPN	444
1864	Michael	Tomi	FRA	1116
1864	Kaito	Uesugi	JPN	1340
1864	Joy	Vigani	ITA	986
1864	Shane	Vinsant	USA	6675
1864	Huixin	Wang	CHN	704
1864	Johnny	Wang	USA	600
1864	Dominik	Wirlend	AUT	1246
1864	Vladyslav	Yanchenko	UKR	684
1864	Hichem	Yasri	ALG	1570
1864	Edin	Zecevic	AUS	832
1864	Hao	Zhang	CHN	2506
1864	Janos	Zibrat	SLO	2573
1987	Ahmed Deedat	Abdul Razak	MAS	2876
1987	Juan-Pablo	Amado	ARG	125049
1987	Javier	Araya	CHI	614
1987	Daniel	Armengol Delgado	ESP	560
1987	Carsten	Ball	AUS	659386
1987	Galo	Barrezueta	ECU	2699
1987	Luis Enrique	Barrientos	MEX	4736
1987	Dmitrii	Baskov	MDA	680
1987	Daniel	Baumann	GER	1762
1987	Sahak	Bazrganian	USA	4802
1987	Jeremy	Beale	AUS	948
1987	Ariel	Behar	URU	46301
1987	Dennis	Bloemke	GER	45906
1987	Fernando	Bogajo	ESP	1374
1987	Stefan	Borg	SWE	10228
1987	Lucas	Bouquet	FRA	516
1987	Olivier	Charroin	FRA	118524
1987	Luis Diego	Chavez Villalpando	ESP	772
1987	Zhansultan	Chembotayev	KAZ	758
1987	Ricardo	Chile-Fonte	CUB	22933
1987	Yu Hsiang	Chiu	TPE	1210
1987	Rafael Antonio	Coutinho	VEN	1521
1987	Silvio	Dadic	CRO	3962
1987	Sharmal	Dissanayake	SRI	488
1987	Anton	Djamalov	UZB	1488
1987	Idio	Escobar	BRA	18636
1987	David	Estruch	ESP	41016
1987	Evan	Furness	FRA	576
1987	Konstantin	Gerlakh	RUS	6421
1987	Lucian	Gheorghe	ROU	4765
1987	Filippo	Giorgetti	ITA	1934
1987	Robin	Goodman	GBR	1606
1987	Alexander Thomas	Grabher	AUT	696
1987	Juan Camilo	Guerrero	COL	774
1987	Gustav	Hansson	SWE	2088
1987	Michel James	Hu Kwo	PER	942
1987	Sam	Hutt	GBR	4642
1987	Tuki	Jacobs	NAM	508
1987	Francois	Kellerman	RSA	840
1987	Nawakarn	Khunjan	THA	668
1987	Hyun-Joon	Kim	KOR	18528
1987	Jesse	Kiuru	FIN	2957
1987	Reza	Kohastani	IRI	1491
1987	Ivan	Krivic	CRO	1968
1987	Soon Woo	Kwon	KOR	1704
1987	John	Lamble	USA	856
1987	Brandon	Laubser	RSA	642
1987	Hyun-Soo	Lim	KOR	5824
1987	Marcus	Mansson	SWE	1664
1987	Nikita	Matveyko	RUS	380
1987	Salvador	Mijares	VEN	704
1987	David	Novotny	GER	660
1987	Jules	Okala	FRA	540
1987	Robin	Olin	SWE	17381
1987	Allan Gomes	Oliveira	BRA	3755
1987	Marlon	Oliveira	BRA	15695
1987	Alejandro	Ortega Palacios	ESP	670
1987	Michael-Ray	Pallares-Gonzalez	DOM	8877
1987	Yvo	Panak	CZE	1226
1987	Changwei	Peng	CHN	2219
1987	Bojan	Popovic	CYP	796
1987	Armel	Rancezot	FRA	2826
1987	Michael	Riechmann	USA	790
1987	Simo	Rikalo	AUS	900
1987	Soufiane	Sahli	MAR	1509
1987	Dovydas	Sakinis	LTU	6728
1987	Hardeep Singh	Sandhu	IND	380
1987	Inigo	Santos-Fernandez	ESP	2971
1987	Jajbir	Saran	IND	380
1987	Salar	Saraydarpour	USA	1211
1987	Dawood	Sayed Hashim	KUW	1004
1987	Gabriel	Schmidt	AUT	452
1987	Hugo	Schott	FRA	1174
1987	Eduardo	Schwank	ARG	1648048
1987	Omid	Souri	IRI	7920
1987	Mac	Styslinger	USA	15457
1987	Syed Mohd Agil	Syed Naguib	MAS	9347
1987	Bjorn	Thomson	IRL	804
1987	Botic	Van de Zandschulp	NED	662
1987	Tim	Van Terheijden	NED	19072
1987	Suren	Vartanyan	RUS	2236
1987	Santiago	Villarruel	ARG	624
1987	Marcus	Walters	GBR	554
1987	Ruikai	Wang	CHN	5354
1987	Alexander	Yarkov	RUS	912
1987	Pak Long	Yeung	HKG	1232
1987	Piotr	Zbroja	POL	722
1987	Zhe	Zhou	CHN	676
1987	Lucas	Zweili	SUI	6613
2076	Aydin	Akhmetshin	RUS	3326
2076	Alexander	Babanine	AUS	1136
2076	Nizar	Belmati	MAR	4377
2076	Marcos	Bernardes	BRA	1954
2076	Piercarlo Bianciardi	Bianciardi	MEX	1371
2076	Michal	Bisko	CZE	1700
2076	Alexander	Bury	BLR	103063
2076	George	Darko	GHA	1038
2076	Ivan	Davydov	RUS	988
2076	Julien	Demois	FRA	10679
2076	Djordje	Djokovic	SRB	7415
2076	Renan Conti	Espricigo	BRA	1878
2076	Adrian	Forberg Skogeng	NOR	2721
2076	Alessio	Giannuzzi	ITA	1814
2076	Filip	Grbic	SRB	908
2076	Mitchell	Harper	AUS	1434
2076	Roy	Hobbs	SIN	4007
2076	Jack	Jaede	AUS	930
2076	Stephen	Kaldawi	AUS	1288
2076	Tomas	Kaluzik	CZE	662
2076	Patcharapol	Kawin	THA	646
2076	Edoardo	Lamberti	ITA	750
2076	Georgyi	Malyshev	RUS	2176
2076	Abdullah	Maqdes	KUW	38562
2076	Mohd Assri	Merzuki	MAS	9238
2076	Antonio	Miro	ESP	1062
2076	Alejandro	Moreno Figueroa	MEX	10389
2076	Javier	Naser	CHI	1100
2076	Gaston	Paz	ARG	7566
2076	Flemming	Peters	GER	916
2076	Aliaksandr	Prudnikau	BLR	1326
2076	Xi	Qi	CHN	804
2076	Dmitry	Resnyanskiy	KAZ	2670
2076	Jorman	Reyes	ECU	1888
2076	Juan Jose	Rosas	PER	1132
2076	Sebastian	Sachs	GER	3750
2076	Jan Oliver	Sadlowski	GER	1369
2076	Lloyd	Segal	RSA	1330
2076	Sergiy	Sergiienko	UKR	1840
2076	Abdullah	Shaikh	IND	1640
2076	Filipp	Smalyanyy	RUS	980
2076	Marco	Stancati	ITA	2918
2076	Stephen	Stege	USA	1540
2076	Li	Tu	AUS	4606
2076	Rui-Xuan	Wang	CHN	1252
2076	Dane	Webb	USA	4936
2076	Pawel	Zawisza	POL	1140
2076	Jan	Zednik	CZE	3240
2124	Wenceslao	Albin Martin	ARG	818
2124	James	Allemby	GBR	2786
2124	Andrei	Andrukhou	BLR	1694
2124	Piotr	Baranski	POL	1410
2124	Marcelo Tomas	Barrios Vera	CHI	1294
2124	Dor	Belfer	ISR	7508
2124	Domagoj	Biljesko	CRO	1792
2124	Tejas	Chaukulkar	IND	2468
2124	Lance	Cohen	RSA	2046
2124	Robert	Coman	ROU	24916
2124	Jordan	Correia Passos Do Carmo	BRA	660
2124	Gabriel Francisco	Cucalon Jacques	ECU	1567
2124	Dan	Dowson	AUS	940
2124	Cristobal	Grandon Diaz	CHI	2450
2124	Guilherme	Hadlich	BRA	7251
2124	Juan Ignacio	Iliev	ARG	3762
2124	Reda	Karakhi	MAR	8581
2124	Clement	Larriere	FRA	828
2124	Hyun-Ho	Lee	KOR	2454
2124	Zhao-Tai	Li	CHN	1726
2124	Calin	Manda	ROU	930
2124	Diego-Jose	Manrique-Velazquez	ESP	2395
2124	Keisuke	Numajiri	JPN	1780
2124	Jose-Ricardo	Nunes	POR	12570
2124	Christian	Paul	NGR	1682
2124	Marcelo	Plaza	CHI	4322
2124	Maxi	Pongratz	AUT	4982
2124	Motvey	Radionov	ISR	1692
2124	Vitali	Reshetnikov	RUS	42294
2124	Alex	Silcock	AUS	1128
2124	Federico	Teodori	ITA	1388
2124	Panu	Virtanen	FIN	2048
2156	Alexander	Centenari	USA	2130
2156	Ayoub	Chakrouni	MAR	7441
2156	Ashkan	Dabiri	IRI	5744
2156	Tom	Fawcett	USA	2320
2156	Denys	Gevel	UKR	1072
2156	Vincent	Jaensch-Mueller	GER	1104
2156	Srdjan	Jakovljevic	SRB	1320
2156	Dmitry	Mnushkin	RUS	1406
2156	Orel	Ovil	ISR	2818
2156	Can	Oztuzun	TUR	1940
2156	Juraj	Simcak	SVK	4382
2156	Riccardo	Stiglich	ITA	2749
2156	Suthinan	Tanthaseraneewat	THA	1362
2156	Antonio	Terzo	ITA	1788
2156	Hugo	Voljacques	FRA	1118
2156	Enzo	Wallart	FRA	1666
2172	Andres	Ceppo	ARG	14155
2172	Brian	Cuypers	BEL	1522
2172	Moritz	Dettinger	GER	3534
2172	Jens	Hauser	SUI	4186
2172	Constantinos	Ioannides	CYP	884
2172	Nuttanon	Kadchapanan	THA	12099
2172	Joel	Kincaid	USA	5891
2172	Alexander	Mannapov	GER	3831
2172	Lukas	Marsoun	CZE	12187
2172	Daniel	Mora	COL	1630
2172	David	Porter	GBR	3252
2172	Ciprian Alexandru	Porumb	ROU	6227
2172	Scott	Puodziunas	AUS	10168
2172	Diego	Quiroz	ECU	2657
2172	Mubarak	Shannan Zayid	QAT	2430
2172	Taha	Tifnouti	MAR	2918
2172	Jonas	Trinker	AUT	1690
2172	Alex	Valeriano	ESP	2243
2172	Ilya	Vasilyev	RUS	4908
2172	Nikolas	Walterscheid-Tukic	GER	2244
2192	Daniele	Chiurulli	ITA	5391
2192	Andrei	Crapcenco	ROU	1242
2192	Majed	Kilani	TUN	1324
2192	Santiago	Maresca	URU	4652
2192	Zeljko	Milovic	SRB	1412
2192	Alan	Nunez Aguilera	MEX	7960
2192	Issei	Okamura	JPN	4602
2192	Vignesh	Peranamallur	IND	22379
2192	Emil	Saveljev	ISR	2252
2192	Oscar	Torres	COL	3516
2202	Kuatbek	Abiyev	KAZ	5596
2202	William	Boe-Wiegaard	USA	11963
2202	Maximiliano	Colorado	USA	1730
2202	Bruno	Mardones	ESP	1742
2202	Leo Julien	Sebaoun	JPN	2192
2202	Vincent	Suillerot	FRA	2412
2202	Andras	Szekely	ROU	4142
2202	Mousa Shanan	Zayed	QAT	30229
2210	Alexander	Jhun	GBR	4568
2210	Kazuma	Kawachi	JPN	4676
2210	Andre	Ku Meza	PER	3028
2213	Ameur	Ben Hassen	TUN	5676
2213	Davide	Galoppini	ITA	3192
2215	Gustavo	Guerses	BRA	23726
2215	Berk	Iliescu	TUR	5367
2215	Stefan	Merunka	CRO	6519
